"","Date","Inflation","ExchangeRate","InterestRates","index.value"
"2137",2013-11-06,7.3579420238989,85.3736,8.5,134.7
"2138",2013-11-07,7.3579420238989,85.3069,8.5,135.29
"2139",2013-11-08,7.3579420238989,85.5153,8.5,134.71
"2140",2013-11-09,7.3579420238989,85.5153,8.5,134.71
"2141",2013-11-10,7.3579420238989,85.5153,8.5,134.71
"2142",2013-11-11,7.3579420238989,85.5872,8.5,134.52
"2143",2013-11-12,7.3579420238989,85.7,8.5,134.64
"2144",2013-11-13,7.3579420238989,86.0042,8.5,134.69
"2145",2013-11-14,7.3579420238989,86.2569,8.5,135.11
"2146",2013-11-15,7.3579420238989,86.2819,8.5,135.13
"2147",2013-11-16,7.3579420238989,86.2819,8.5,135.13
"2148",2013-11-17,7.3579420238989,86.2819,8.5,135.13
"2149",2013-11-18,7.3579420238989,86.4556,8.5,135.57
"2150",2013-11-19,7.3579420238989,86.4658,8.5,135.67
"2151",2013-11-20,7.3579420238989,86.3075,8.5,136.26
"2152",2013-11-20,7.3579420238989,86.3075,8.5,136.26
"2153",2013-11-21,7.3579420238989,86.1667,8.5,138.14
"2154",2013-11-21,7.3579420238989,86.1667,8.5,138.14
"2155",2013-11-21,7.3579420238989,86.1667,8.5,138.14
"2156",2013-11-22,7.3579420238989,86.2972,8.5,138.83
"2157",2013-11-23,7.3579420238989,86.2972,8.5,138.83
"2158",2013-11-24,7.3579420238989,86.2972,8.5,138.83
"2159",2013-11-25,7.3579420238989,86.6842,8.5,140.08
"2160",2013-11-26,7.3579420238989,86.6528,8.5,141.08
"2161",2013-11-27,7.3579420238989,86.8889,8.5,141.86
"2162",2013-11-28,7.3579420238989,86.9875,8.5,142.58
"2163",2013-11-29,7.3579420238989,86.9931,8.5,141.17
"2164",2013-11-29,7.3579420238989,86.9931,8.5,141.17
"2165",2013-11-29,7.3579420238989,86.9931,8.5,141.17
"2166",2013-11-30,7.3579420238989,86.9931,8.5,141.17
"2167",2013-12-01,7.14850485622622,86.9931,8.5,141.17
"2168",2013-12-02,7.14850485622622,86.6506,8.5,140.84
"2169",2013-12-03,7.14850485622622,86.7192,8.5,140.66
"2170",2013-12-04,7.14850485622622,86.7139,8.5,139.86
"2171",2013-12-05,7.14850485622622,86.4886,8.5,137.91
"2172",2013-12-06,7.14850485622622,86.5589,8.5,136.7
"2173",2013-12-07,7.14850485622622,86.5589,8.5,136.7
"2174",2013-12-08,7.14850485622622,86.5589,8.5,136.7
"2175",2013-12-09,7.14850485622622,86.625,8.5,136.22
"2176",2013-12-09,7.14850485622622,86.625,8.5,136.22
"2177",2013-12-10,7.14850485622622,86.6511,8.5,134.62
"2178",2013-12-11,7.14850485622622,86.6789,8.5,133.92
"2179",2013-12-12,7.14850485622622,86.6789,8.5,133.92
"2180",2013-12-13,7.14850485622622,86.6789,8.5,133.92
"2181",2013-12-14,7.14850485622622,86.6789,8.5,133.92
"2182",2013-12-15,7.14850485622622,86.6789,8.5,133.92
"2183",2013-12-16,7.14850485622622,86.5542,8.5,133.53
"2184",2013-12-17,7.14850485622622,86.4286,8.5,132.14
"2185",2013-12-18,7.14850485622622,86.0431,8.5,132.23
"2186",2013-12-19,7.14850485622622,86.1722,8.5,132.06
"2187",2013-12-20,7.14850485622622,85.8278,8.5,132.17
"2188",2013-12-21,7.14850485622622,85.8278,8.5,132.17
"2189",2013-12-22,7.14850485622622,85.8278,8.5,132.17
"2190",2013-12-23,7.14850485622622,85.7208,8.5,132.73
"2191",2013-12-23,7.14850485622622,85.7208,8.5,132.73
"2192",2013-12-24,7.14850485622622,85.7197,8.5,135.22
"2193",2013-12-25,7.14850485622622,85.7197,8.5,135.22
"2194",2013-12-26,7.14850485622622,85.7197,8.5,135.22
"2195",2013-12-27,7.14850485622622,85.8164,8.5,135.12
"2196",2013-12-27,7.14850485622622,85.8164,8.5,135.12
"2197",2013-12-28,7.14850485622622,85.8164,8.5,135.12
"2198",2013-12-29,7.14850485622622,85.8164,8.5,135.12
"2199",2013-12-30,7.14850485622622,85.8903,8.5,135.83
"2200",2013-12-30,7.14850485622622,85.8903,8.5,135.83
"2201",2013-12-30,7.14850485622622,85.8903,8.5,135.83
"2202",2013-12-31,7.14850485622622,86.3097,8.5,136.65
"2203",2013-12-31,7.14850485622622,86.3097,8.5,136.65
"2204",2014-01-01,7.21,86.3097,8.5,136.65
"2205",2014-01-02,7.21,86.0769,8.5,136.56
"2206",2014-01-03,7.21,86.8722,8.5,136.74
"2207",2014-01-03,7.21,86.8722,8.5,136.74
"2208",2014-01-04,7.21,86.8722,8.5,136.74
"2209",2014-01-05,7.21,86.8722,8.5,136.74
"2210",2014-01-06,7.21,86.8228,8.5,138.5
"2211",2014-01-07,7.21,86.9583,8.5,139.63
"2212",2014-01-08,7.21,86.9611,8.5,140.35
"2213",2014-01-09,7.21,86.8639,8.5,141.59
"2214",2014-01-10,7.21,86.6306,8.5,141.5
"2215",2014-01-11,7.21,86.6306,8.5,141.5
"2216",2014-01-12,7.21,86.6306,8.5,141.5
"2217",2014-01-13,7.21,86.4372,8.5,140.69
"2218",2014-01-14,7.21,86.2806,8.5,140.79
"2219",2014-01-15,7.21,86.2344,8.5,141.01
"2220",2014-01-16,7.21,85.8508,8.5,140.35
"2221",2014-01-17,7.21,85.8972,8.5,140.28
"2222",2014-01-18,7.21,85.8972,8.5,140.28
"2223",2014-01-19,7.21,85.8972,8.5,140.28
"2224",2014-01-20,7.21,85.4572,8.5,141.11
"2225",2014-01-21,7.21,85.8792,8.5,141.85
"2226",2014-01-22,7.21,85.8806,8.5,142.73
"2227",2014-01-23,7.21,85.8181,8.5,142.73
"2228",2014-01-24,7.21,85.5333,8.5,144.57
"2229",2014-01-25,7.21,85.5333,8.5,144.57
"2230",2014-01-26,7.21,85.5333,8.5,144.57
"2231",2014-01-27,7.21,85.8125,8.5,144.4
"2232",2014-01-28,7.21,85.8278,8.5,143.36
"2233",2014-01-29,7.21,85.9611,8.5,141.27
"2234",2014-01-30,7.21,86.0833,8.5,139.06
"2235",2014-01-31,7.21,86.2361,8.5,134.66
"2236",2014-02-01,6.86,86.2361,8.5,134.66
"2237",2014-02-02,6.86,86.2361,8.5,134.66
"2238",2014-02-03,6.86,86.5519,8.5,134.58
"2239",2014-02-04,6.86,86.5839,8.5,136.51
"2240",2014-02-05,6.86,86.3361,8.5,136.72
"2241",2014-02-06,6.86,86.1056,8.5,137.72
"2242",2014-02-07,6.86,86.0611,8.5,137.35
"2243",2014-02-08,6.86,86.0611,8.5,137.35
"2244",2014-02-09,6.86,86.0611,8.5,137.35
"2245",2014-02-10,6.86,86.0569,8.5,137.26
"2246",2014-02-11,6.86,86.1875,8.5,138.08
"2247",2014-02-12,6.86,86.1922,8.5,138.17
"2248",2014-02-13,6.86,86.2444,8.5,137.71
"2249",2014-02-14,6.86,86.3778,8.5,137.7
"2250",2014-02-15,6.86,86.3778,8.5,137.7
"2251",2014-02-16,6.86,86.3778,8.5,137.7
"2252",2014-02-17,6.86,86.3569,8.5,136.51
"2253",2014-02-18,6.86,86.3431,8.5,135.67
"2254",2014-02-19,6.86,86.2575,8.5,136.37
"2255",2014-02-20,6.86,86.1764,8.5,137
"2256",2014-02-21,6.86,86.1033,8.5,138.44
"2257",2014-02-22,6.86,86.1033,8.5,138.44
"2258",2014-02-23,6.86,86.1033,8.5,138.44
"2259",2014-02-24,6.86,86.1611,8.5,139.57
"2260",2014-02-25,6.86,86.2458,8.5,140.65
"2261",2014-02-26,6.86,86.4083,8.5,141.04
"2262",2014-02-27,6.86,86.4806,8.5,141.11
"2263",2014-02-28,6.86,86.3264,8.5,141.05
"2264",2014-03-01,6.27,86.3264,8.5,141.05
"2265",2014-03-02,6.27,86.3264,8.5,141.05
"2266",2014-03-03,6.27,86.2758,8.5,140.85
"2267",2014-03-04,6.27,86.3875,8.5,140.36
"2268",2014-03-05,6.27,86.3839,8.5,140.12
"2269",2014-03-06,6.27,86.5306,8.5,140.94
"2270",2014-03-07,6.27,86.5194,8.5,140.87
"2271",2014-03-08,6.27,86.5194,8.5,140.87
"2272",2014-03-09,6.27,86.5194,8.5,140.87
"2273",2014-03-10,6.27,86.5111,8.5,141.85
"2274",2014-03-11,6.27,86.4844,8.5,141.88
"2275",2014-03-12,6.27,86.3861,8.5,142.31
"2276",2014-03-13,6.27,86.4361,8.5,144.29
"2277",2014-03-14,6.27,86.4444,8.5,143.57
"2278",2014-03-15,6.27,86.4444,8.5,143.57
"2279",2014-03-16,6.27,86.4444,8.5,143.57
"2280",2014-03-17,6.27,86.4667,8.5,142.94
"2281",2014-03-18,6.27,86.4861,8.5,142.98
"2282",2014-03-19,6.27,86.5417,8.5,143.72
"2283",2014-03-20,6.27,86.4917,8.5,144.5
"2284",2014-03-21,6.27,86.5014,8.5,144.5
"2285",2014-03-22,6.27,86.5014,8.5,144.5
"2286",2014-03-23,6.27,86.5014,8.5,144.5
"2287",2014-03-24,6.27,86.6167,8.5,149.63
"2288",2014-03-25,6.27,86.5725,8.5,144.73
"2289",2014-03-26,6.27,86.5853,8.5,144.99
"2290",2014-03-27,6.27,86.6675,8.5,144.55
"2291",2014-03-28,6.27,86.5333,8.5,144.38
"2292",2014-03-29,6.27,86.5333,8.5,144.38
"2293",2014-03-30,6.27,86.5333,8.5,144.38
"2294",2014-03-31,6.27,86.4414,8.5,143.89
"2295",2014-04-01,6.41,86.4,8.5,143.76
"2296",2014-04-02,6.41,86.4264,8.5,143.77
"2297",2014-04-03,6.41,86.5472,8.5,143.91
"2298",2014-04-04,6.41,86.5819,8.5,143.4
"2299",2014-04-05,6.41,86.5819,8.5,143.4
"2300",2014-04-06,6.41,86.5819,8.5,143.4
"2301",2014-04-07,6.41,86.6586,8.5,142.79
"2302",2014-04-08,6.41,86.6042,8.5,142.87
"2303",2014-04-09,6.41,86.6042,8.5,143.68
"2304",2014-04-10,6.41,86.5611,8.5,144.36
"2305",2014-04-11,6.41,86.5572,8.5,145.14
"2306",2014-04-12,6.41,86.5572,8.5,145.14
"2307",2014-04-13,6.41,86.5572,8.5,145.14
"2308",2014-04-14,6.41,86.6264,8.5,145.41
"2309",2014-04-15,6.41,86.7053,8.5,146.42
"2310",2014-04-16,6.41,86.9042,8.5,147.37
"2311",2014-04-17,6.41,86.8278,8.5,148.11
"2312",2014-04-18,6.41,86.8278,8.5,148.11
"2313",2014-04-19,6.41,86.8278,8.5,148.11
"2314",2014-04-20,6.41,86.8278,8.5,148.11
"2315",2014-04-21,6.41,86.8278,8.5,148.11
"2316",2014-04-22,6.41,86.8958,8.5,148.22
"2317",2014-04-23,6.41,87.0806,8.5,148.46
"2318",2014-04-24,6.41,86.9208,8.5,149.95
"2319",2014-04-25,6.41,86.8736,8.5,150.46
"2320",2014-04-26,6.41,86.8736,8.5,150.46
"2321",2014-04-27,6.41,86.8736,8.5,150.46
"2322",2014-04-28,6.41,86.8375,8.5,150.45
"2323",2014-04-29,6.41,86.8572,8.5,151.18
"2324",2014-04-30,6.41,86.8711,8.5,151.13
"2325",2014-05-01,7.3,86.8711,8.5,151.13
"2326",2014-05-02,7.3,86.8667,8.5,151.85
"2327",2014-05-03,7.3,86.8667,8.5,151.85
"2328",2014-05-04,7.3,86.8667,8.5,151.85
"2329",2014-05-05,7.3,86.8944,8.5,151.6
"2330",2014-05-06,7.3,86.9292,8.5,151.43
"2331",2014-05-07,7.3,86.9594,8.5,151.77
"2332",2014-05-08,7.3,86.9653,8.5,151.78
"2333",2014-05-09,7.3,87.0322,8.5,151.95
"2334",2014-05-10,7.3,87.0322,8.5,151.95
"2335",2014-05-11,7.3,87.0322,8.5,151.95
"2336",2014-05-12,7.3,87.1222,8.5,152.67
"2337",2014-05-13,7.3,87.0917,8.5,152.27
"2338",2014-05-14,7.3,87.2208,8.5,151.28
"2339",2014-05-15,7.3,87.3211,8.5,150.73
"2340",2014-05-16,7.3,87.3892,8.5,151.15
"2341",2014-05-17,7.3,87.3892,8.5,151.15
"2342",2014-05-18,7.3,87.3892,8.5,151.15
"2343",2014-05-19,7.3,87.5333,8.5,150.58
"2344",2014-05-20,7.3,87.5333,8.5,150.51
"2345",2014-05-21,7.3,87.8042,8.5,150.31
"2346",2014-05-22,7.3,87.8319,8.5,150.05
"2347",2014-05-23,7.3,87.8583,8.5,149.8
"2348",2014-05-24,7.3,87.8583,8.5,149.8
"2349",2014-05-25,7.3,87.8583,8.5,149.8
"2350",2014-05-26,7.3,87.8289,8.5,149.41
"2351",2014-05-27,7.3,87.8569,8.5,149.24
"2352",2014-05-28,7.3,87.84,8.5,149.24
"2353",2014-05-29,7.3,87.8164,8.5,149.84
"2354",2014-05-30,7.3,87.7972,8.5,150.2
"2355",2014-05-31,7.3,87.7972,8.5,150.2
"2356",2014-06-01,7.39,87.7972,8.5,150.2
"2357",2014-06-02,7.39,87.7972,8.5,150.2
"2358",2014-06-03,7.39,87.7389,8.5,149.12
"2359",2014-06-04,7.39,87.5722,8.5,149.24
"2360",2014-06-05,7.39,87.5056,8.5,149.29
"2361",2014-06-06,7.39,87.5069,8.5,149.33
"2362",2014-06-07,7.39,87.5069,8.5,149.33
"2363",2014-06-08,7.39,87.5069,8.5,149.33
"2364",2014-06-09,7.39,87.5014,8.5,149.61
"2365",2014-06-10,7.39,87.55,8.5,150.24
"2366",2014-06-11,7.39,87.6972,8.5,150.09
"2367",2014-06-12,7.39,87.7639,8.5,150.04
"2368",2014-06-13,7.39,87.8319,8.5,150.6
"2369",2014-06-14,7.39,87.8319,8.5,150.6
"2370",2014-06-15,7.39,87.8319,8.5,150.6
"2371",2014-06-16,7.39,87.8889,8.5,149.47
"2372",2014-06-17,7.39,87.92,8.5,148.84
"2373",2014-06-18,7.39,87.5367,8.5,149.02
"2374",2014-06-19,7.39,87.6094,8.5,149.41
"2375",2014-06-20,7.39,87.4056,8.5,149.72
"2376",2014-06-21,7.39,87.4056,8.5,149.72
"2377",2014-06-22,7.39,87.4056,8.5,149.72
"2378",2014-06-23,7.39,87.4308,8.5,150.17
"2379",2014-06-24,7.39,87.3785,8.5,149.92
"2380",2014-06-25,7.39,87.4756,8.5,149.66
"2381",2014-06-26,7.39,87.6083,8.5,149.52
"2382",2014-06-27,7.39,87.6828,8.5,149.69
"2383",2014-06-28,7.39,87.6828,8.5,149.69
"2384",2014-06-29,7.39,87.6828,8.5,149.69
"2385",2014-06-30,7.39,87.6269,8.5,150.37
"2386",2014-07-01,7.67,87.6361,8.5,152.11
"2387",2014-07-02,7.67,87.8278,8.5,153.64
"2388",2014-07-03,7.67,87.7222,8.5,152.63
"2389",2014-07-04,7.67,87.825,8.5,152.09
"2390",2014-07-05,7.67,87.825,8.5,152.09
"2391",2014-07-06,7.67,87.825,8.5,152.09
"2392",2014-07-07,7.67,87.8792,8.5,152.02
"2393",2014-07-08,7.67,87.8919,8.5,152.29
"2394",2014-07-09,7.67,87.8589,8.5,152.2
"2395",2014-07-10,7.67,87.775,8.5,151.93
"2396",2014-07-11,7.67,87.6486,8.5,151.12
"2397",2014-07-12,7.67,87.6486,8.5,151.12
"2398",2014-07-13,7.67,87.6486,8.5,151.12
"2399",2014-07-14,7.67,87.6306,8.5,151.19
"2400",2014-07-15,7.67,87.7083,8.5,151.12
"2401",2014-07-16,7.67,87.7447,8.5,150.49
"2402",2014-07-17,7.67,87.7069,8.5,151.03
"2403",2014-07-18,7.67,87.7706,8.5,151.55
"2404",2014-07-19,7.67,87.7706,8.5,151.55
"2405",2014-07-20,7.67,87.7706,8.5,151.55
"2406",2014-07-21,7.67,87.7958,8.5,151.07
"2407",2014-07-22,7.67,87.7994,8.5,150.77
"2408",2014-07-23,7.67,87.8597,8.5,151.01
"2409",2014-07-24,7.67,87.8039,8.5,151.01
"2410",2014-07-25,7.67,87.7997,8.5,151.42
"2411",2014-07-26,7.67,87.7997,8.5,151.42
"2412",2014-07-27,7.67,87.7997,8.5,151.42
"2413",2014-07-28,7.67,87.6903,8.5,150.4
"2414",2014-07-29,7.67,87.6903,8.5,150.4
"2415",2014-07-30,7.67,87.7444,8.5,151.57
"2416",2014-07-31,7.67,87.8042,8.5,151.69
"2417",2014-08-01,8.36,87.84,8.5,153.18
"2418",2014-08-02,8.36,87.84,8.5,153.18
"2419",2014-08-03,8.36,87.84,8.5,153.18
"2420",2014-08-04,8.36,87.8244,8.5,153.62
"2421",2014-08-05,8.36,87.8042,8.5,155.39
"2422",2014-08-06,8.36,87.8197,8.5,156.68
"2423",2014-08-07,8.36,87.8783,8.5,155.83
"2424",2014-08-08,8.36,87.8728,8.5,154.53
"2425",2014-08-09,8.36,87.8728,8.5,154.53
"2426",2014-08-10,8.36,87.8728,8.5,154.53
"2427",2014-08-11,8.36,87.9031,8.5,154.41
"2428",2014-08-12,8.36,87.9514,8.5,154.4
"2429",2014-08-13,8.36,87.9864,8.5,154.5
"2430",2014-08-14,8.36,88.0769,8.5,154.5
"2431",2014-08-15,8.36,88.0361,8.5,155.39
"2432",2014-08-16,8.36,88.0361,8.5,155.39
"2433",2014-08-17,8.36,88.0361,8.5,155.39
"2434",2014-08-18,8.36,88.1194,8.5,155.71
"2435",2014-08-19,8.36,88.185,8.5,156.14
"2436",2014-08-20,8.36,88.3039,8.5,156.58
"2437",2014-08-21,8.36,88.2761,8.5,156.58
"2438",2014-08-22,8.36,88.3144,8.5,156.43
"2439",2014-08-23,8.36,88.3144,8.5,156.43
"2440",2014-08-24,8.36,88.3144,8.5,156.43
"2441",2014-08-25,8.36,88.3261,8.5,156.77
"2442",2014-08-26,8.36,88.5828,8.5,157.17
"2443",2014-08-27,8.36,88.35,8.5,157.32
"2444",2014-08-28,8.36,88.3786,8.5,157.09
"2445",2014-08-29,8.36,88.3944,8.5,157.94
"2446",2014-08-30,8.36,88.3944,8.5,157.94
"2447",2014-08-31,8.36,88.3944,8.5,157.94
"2448",2014-09-01,6.6,88.4306,8.5,159.12
"2449",2014-09-02,6.6,88.5167,8.5,159.82
"2450",2014-09-03,6.6,88.6269,8.5,160.24
"2451",2014-09-04,6.6,88.6789,8.5,159.51
"2452",2014-09-05,6.6,88.6378,8.5,159.44
"2453",2014-09-06,6.6,88.6378,8.5,159.44
"2454",2014-09-07,6.6,88.6378,8.5,159.44
"2455",2014-09-08,6.6,88.6289,8.5,159.78
"2456",2014-09-09,6.6,88.6181,8.5,159.82
"2457",2014-09-10,6.6,88.6319,8.5,159.94
"2458",2014-09-11,6.6,88.7433,8.5,159.34
"2459",2014-09-12,6.6,88.7961,8.5,159.43
"2460",2014-09-13,6.6,88.7961,8.5,159.43
"2461",2014-09-14,6.6,88.7961,8.5,159.43
"2462",2014-09-15,6.6,88.8167,8.5,160.72
"2463",2014-09-16,6.6,88.7944,8.5,161.33
"2464",2014-09-17,6.6,88.9894,8.5,159.93
"2465",2014-09-18,6.6,89.2681,8.5,161.1
"2466",2014-09-19,6.6,88.9456,8.5,162.8
"2467",2014-09-20,6.6,88.9456,8.5,162.8
"2468",2014-09-21,6.6,88.9456,8.5,162.8
"2469",2014-09-22,6.6,88.5856,8.5,165.36
"2470",2014-09-23,6.6,88.9114,8.5,165.45
"2471",2014-09-24,6.6,89.125,8.5,163.69
"2472",2014-09-25,6.6,89.0986,8.5,161.92
"2473",2014-09-26,6.6,89.125,8.5,162.35
"2474",2014-09-27,6.6,89.125,8.5,162.35
"2475",2014-09-28,6.6,89.125,8.5,162.35
"2476",2014-09-29,6.6,89.1417,8.5,163.4
"2477",2014-09-30,6.6,89.2794,8.5,163.45
"2478",2014-10-01,6.43,89.3275,8.5,164.23
"2479",2014-10-02,6.43,89.3611,8.5,163.63
"2480",2014-10-03,6.43,89.3306,8.5,163.66
"2481",2014-10-04,6.43,89.3306,8.5,163.66
"2482",2014-10-05,6.43,89.3306,8.5,163.66
"2483",2014-10-06,6.43,89.3231,8.5,163.49
"2484",2014-10-07,6.43,89.3014,8.5,163.27
"2485",2014-10-08,6.43,89.2253,8.5,162.65
"2486",2014-10-09,6.43,89.0903,8.5,162.42
"2487",2014-10-10,6.43,89.0475,8.5,162.54
"2488",2014-10-11,6.43,89.0475,8.5,162.54
"2489",2014-10-12,6.43,89.0475,8.5,162.54
"2490",2014-10-13,6.43,89.1167,8.5,161.95
"2491",2014-10-14,6.43,89.2639,8.5,161.95
"2492",2014-10-15,6.43,89.3322,8.5,161.88
"2493",2014-10-16,6.43,89.1694,8.5,161.59
"2494",2014-10-17,6.43,88.9792,8.5,160.42
"2495",2014-10-18,6.43,88.9792,8.5,160.42
"2496",2014-10-19,6.43,88.9792,8.5,160.42
"2497",2014-10-20,6.43,88.9792,8.5,160.42
"2498",2014-10-21,6.43,89.1083,8.5,159.84
"2499",2014-10-22,6.43,88.9083,8.5,160.58
"2500",2014-10-23,6.43,89.1278,8.5,160.82
"2501",2014-10-24,6.43,89.3375,8.5,159.22
"2502",2014-10-25,6.43,89.3375,8.5,159.22
"2503",2014-10-26,6.43,89.3375,8.5,159.22
"2504",2014-10-27,6.43,89.4028,8.5,158.76
"2505",2014-10-28,6.43,89.4131,8.5,158.41
"2506",2014-10-29,6.43,89.125,8.5,159.36
"2507",2014-10-30,6.43,89.3556,8.5,159.68
"2508",2014-10-31,6.43,89.3556,8.5,159.23
"2509",2014-11-01,6.09,89.3556,8.5,159.23
"2510",2014-11-02,6.09,89.3556,8.5,159.23
"2511",2014-11-03,6.09,89.415,8.5,159.05
"2512",2014-11-04,6.09,89.6144,8.5,158.59
"2513",2014-11-05,6.09,89.6178,8.5,159.21
"2514",2014-11-06,6.09,89.7125,8.5,159.13
"2515",2014-11-07,6.09,89.7308,8.5,159.48
"2516",2014-11-08,6.09,89.7308,8.5,159.48
"2517",2014-11-09,6.09,89.7308,8.5,159.48
"2518",2014-11-10,6.09,89.8808,8.5,159.4
"2519",2014-11-11,6.09,89.8172,8.5,160.31
"2520",2014-11-12,6.09,90.0083,8.5,161.84
"2521",2014-11-13,6.09,90.0656,8.5,162.63
"2522",2014-11-14,6.09,90.2181,8.5,163.7
"2523",2014-11-15,6.09,90.2181,8.5,163.7
"2524",2014-11-16,6.09,90.2181,8.5,163.7
"2525",2014-11-17,6.09,89.9028,8.5,163.2
"2526",2014-11-18,6.09,89.9575,8.5,162.93
"2527",2014-11-19,6.09,90.1083,8.5,162.63
"2528",2014-11-20,6.09,90.1472,8.5,162.07
"2529",2014-11-21,6.09,90.0503,8.5,162.06
"2530",2014-11-22,6.09,90.0503,8.5,162.06
"2531",2014-11-23,6.09,90.0503,8.5,162.06
"2532",2014-11-24,6.09,90.1792,8.5,161.15
"2533",2014-11-25,6.09,90.2156,8.5,161.3
"2534",2014-11-26,6.09,90.3069,8.5,163.02
"2535",2014-11-27,6.09,90.1344,8.5,163.77
"2536",2014-11-28,6.09,90.1792,8.5,163.27
"2537",2014-11-29,6.09,90.1792,8.5,163.27
"2538",2014-11-30,6.09,90.1792,8.5,163.27
"2539",2014-12-01,6.02,90.1878,8.5,164.15
"2540",2014-12-02,6.02,90.2431,8.5,164.29
"2541",2014-12-03,6.02,90.3294,8.5,164.04
"2542",2014-12-04,6.02,90.2222,8.5,165.84
"2543",2014-12-05,6.02,90.2917,8.5,166.5
"2544",2014-12-06,6.02,90.2917,8.5,166.5
"2545",2014-12-07,6.02,90.2917,8.5,166.5
"2546",2014-12-08,6.02,90.3261,8.5,167.54
"2547",2014-12-09,6.02,90.3917,8.5,166.85
"2548",2014-12-10,6.02,90.4583,8.5,165.58
"2549",2014-12-11,6.02,90.5672,8.5,163.52
"2550",2014-12-12,6.02,90.5672,8.5,163.52
"2551",2014-12-13,6.02,90.5672,8.5,163.52
"2552",2014-12-14,6.02,90.5672,8.5,163.52
"2553",2014-12-15,6.02,90.5317,8.5,163.52
"2554",2014-12-16,6.02,90.6283,8.5,162.37
"2555",2014-12-17,6.02,90.5947,8.5,160.29
"2556",2014-12-18,6.02,90.45,8.5,157.56
"2557",2014-12-19,6.02,90.4811,8.5,156.19
"2558",2014-12-20,6.02,90.4811,8.5,156.19
"2559",2014-12-21,6.02,90.4811,8.5,156.19
"2560",2014-12-22,6.02,90.4289,8.5,156.86
"2561",2014-12-23,6.02,90.3756,8.5,159.1
"2562",2014-12-24,6.02,90.5017,8.5,160.18
"2563",2014-12-25,6.02,90.5017,8.5,160.18
"2564",2014-12-26,6.02,90.5017,8.5,160.18
"2565",2014-12-27,6.02,90.5017,8.5,160.18
"2566",2014-12-28,6.02,90.5017,8.5,160.18
"2567",2014-12-29,6.02,90.5686,8.5,162.12
"2568",2014-12-30,6.02,90.7083,8.5,163.25
"2569",2014-12-31,6.02,90.5978,8.5,162.89
"2570",2015-01-01,5.53,90.5978,8.5,162.89
"2571",2015-01-02,5.53,90.7031,8.5,163.24
"2572",2015-01-03,5.53,90.7031,8.5,163.24
"2573",2015-01-04,5.53,90.7031,8.5,163.24
"2574",2015-01-05,5.53,90.7944,8.5,162.17
"2575",2015-01-06,5.53,90.7944,8.5,161.86
"2576",2015-01-07,5.53,90.9228,8.5,161.8
"2577",2015-01-08,5.53,91.1056,8.5,161.78
"2578",2015-01-09,5.53,91.0989,8.5,162.08
"2579",2015-01-10,5.53,91.0989,8.5,162.08
"2580",2015-01-11,5.53,91.0989,8.5,162.08
"2581",2015-01-12,5.53,91.13,8.5,162.05
"2582",2015-01-13,5.53,91.2428,8.5,164.76
"2583",2015-01-14,5.53,91.3333,8.5,166.08
"2584",2015-01-15,5.53,91.3583,8.5,165.47
"2585",2015-01-16,5.53,91.4831,8.5,166.81
"2586",2015-01-17,5.53,91.4831,8.5,166.81
"2587",2015-01-18,5.53,91.4831,8.5,166.81
"2588",2015-01-19,5.53,91.4992,8.5,165.88
"2589",2015-01-20,5.53,91.5944,8.5,164
"2590",2015-01-21,5.53,91.6342,8.5,164.78
"2591",2015-01-22,5.53,91.7367,8.5,165.17
"2592",2015-01-23,5.53,91.7364,8.5,166.68
"2593",2015-01-24,5.53,91.7364,8.5,166.68
"2594",2015-01-25,5.53,91.7364,8.5,166.68
"2595",2015-01-26,5.53,91.7472,8.5,165.61
"2596",2015-01-27,5.53,91.6867,8.5,165.82
"2597",2015-01-28,5.53,91.6694,8.5,165.88
"2598",2015-01-29,5.53,91.5533,8.5,165.23
"2599",2015-01-30,5.53,91.6736,8.5,165.8
"2600",2015-01-31,5.53,91.6736,8.5,165.8
"2601",2015-02-01,5.61,91.6736,8.5,165.8
"2602",2015-02-02,5.61,91.6944,8.5,166.25
"2603",2015-02-03,5.61,91.6683,8.5,166.85
"2604",2015-02-04,5.61,91.5861,8.5,167.94
"2605",2015-02-05,5.61,91.5556,8.5,168.37
"2606",2015-02-06,5.61,91.3317,8.5,168.19
"2607",2015-02-07,5.61,91.3317,8.5,168.19
"2608",2015-02-08,5.61,91.3317,8.5,168.19
"2609",2015-02-09,5.61,91.3183,8.5,169.03
"2610",2015-02-10,5.61,91.5967,8.5,169.32
"2611",2015-02-11,5.61,91.5733,8.5,170.09
"2612",2015-02-12,5.61,91.5544,8.5,171.67
"2613",2015-02-13,5.61,91.5422,8.5,171.94
"2614",2015-02-14,5.61,91.5422,8.5,171.94
"2615",2015-02-15,5.61,91.5422,8.5,171.94
"2616",2015-02-16,5.61,91.5567,8.5,172.45
"2617",2015-02-17,5.61,91.5367,8.5,172.9
"2618",2015-02-18,5.61,91.4217,8.5,174.17
"2619",2015-02-19,5.61,91.3639,8.5,175.65
"2620",2015-02-20,5.61,91.4017,8.5,176
"2621",2015-02-21,5.61,91.4017,8.5,176
"2622",2015-02-22,5.61,91.4017,8.5,176
"2623",2015-02-23,5.61,91.4008,8.5,175.81
"2624",2015-02-24,5.61,91.4167,8.5,176.82
"2625",2015-02-25,5.61,91.4106,8.5,177.51
"2626",2015-02-26,5.61,91.4189,8.5,175.97
"2627",2015-02-27,5.61,91.4231,8.5,175.7
"2628",2015-02-28,5.61,91.4231,8.5,175.7
"2629",2015-03-01,6.31,91.4231,8.5,175.7
"2630",2015-03-02,6.31,91.4139,8.5,174.7
"2631",2015-03-03,6.31,91.4144,8.5,173.07
"2632",2015-03-04,6.31,91.3267,8.5,172.8
"2633",2015-03-05,6.31,91.1708,8.5,172.28
"2634",2015-03-06,6.31,91.1575,8.5,172.51
"2635",2015-03-07,6.31,91.1575,8.5,172.51
"2636",2015-03-08,6.31,91.1575,8.5,172.51
"2637",2015-03-09,6.31,91.2194,8.5,171.67
"2638",2015-03-10,6.31,91.2194,8.5,172.52
"2639",2015-03-11,6.31,91.6278,8.5,172.71
"2640",2015-03-12,6.31,91.7183,8.5,172.42
"2641",2015-03-13,6.31,91.685,8.5,172.01
"2642",2015-03-14,6.31,91.685,8.5,172.01
"2643",2015-03-15,6.31,91.685,8.5,172.01
"2644",2015-03-16,6.31,91.7472,8.5,171.66
"2645",2015-03-17,6.31,92.0222,8.5,171.99
"2646",2015-03-18,6.31,92.0506,8.5,172.63
"2647",2015-03-19,6.31,91.8858,8.5,173.5
"2648",2015-03-20,6.31,91.9856,8.5,172.47
"2649",2015-03-21,6.31,91.9856,8.5,172.47
"2650",2015-03-22,6.31,91.9856,8.5,172.47
"2651",2015-03-23,6.31,92.0333,8.5,172.02
"2652",2015-03-24,6.31,91.965,8.5,172.57
"2653",2015-03-25,6.31,91.8144,8.5,173.05
"2654",2015-03-26,6.31,91.7669,8.5,173.73
"2655",2015-03-27,6.31,92.0319,8.5,174.16
"2656",2015-03-28,6.31,92.0319,8.5,174.16
"2657",2015-03-29,6.31,92.0319,8.5,174.16
"2658",2015-03-30,6.31,92.1861,8.5,174.83
"2659",2015-03-31,6.31,92.335,8.5,175.11
"2660",2015-04-01,7.08,92.3917,8.5,175.22
"2661",2015-04-02,7.08,92.5833,8.5,173.39
"2662",2015-04-03,7.08,92.5833,8.5,173.39
"2663",2015-04-04,7.08,92.5833,8.5,173.39
"2664",2015-04-05,7.08,92.5833,8.5,173.39
"2665",2015-04-06,7.08,92.5833,8.5,173.39
"2666",2015-04-07,7.08,92.775,8.5,171.15
"2667",2015-04-08,7.08,92.55,8.5,170.8
"2668",2015-04-09,7.08,92.6847,8.5,170.46
"2669",2015-04-10,7.08,92.8489,8.5,169.61
"2670",2015-04-11,7.08,92.8489,8.5,169.61
"2671",2015-04-12,7.08,92.8489,8.5,169.61
"2672",2015-04-13,7.08,92.975,8.5,170.31
"2673",2015-04-14,7.08,93.245,8.5,170.78
"2674",2015-04-15,7.08,93.3767,8.5,171.07
"2675",2015-04-16,7.08,93.5,8.5,171.57
"2676",2015-04-17,7.08,93.475,8.5,173.2
"2677",2015-04-18,7.08,93.475,8.5,173.2
"2678",2015-04-19,7.08,93.475,8.5,173.2
"2679",2015-04-20,7.08,93.4756,8.5,173.68
"2680",2015-04-21,7.08,93.7778,8.5,172.96
"2681",2015-04-22,7.08,93.7183,8.5,171.79
"2682",2015-04-23,7.08,93.7944,8.5,171.58
"2683",2015-04-24,7.08,94.0478,8.5,172.55
"2684",2015-04-25,7.08,94.0478,8.5,172.55
"2685",2015-04-26,7.08,94.0478,8.5,172.55
"2686",2015-04-27,7.08,94.2222,8.5,171.59
"2687",2015-04-28,7.08,94.3,8.5,171.7
"2688",2015-04-29,7.08,94.4139,8.5,172.35
"2689",2015-04-30,7.08,94.6,8.5,173.2
"2690",2015-05-01,6.87,94.6,8.5,173.2
"2691",2015-05-02,6.87,94.6,8.5,173.2
"2692",2015-05-03,6.87,94.6,8.5,173.2
"2693",2015-05-04,6.87,94.6444,8.5,173.14
"2694",2015-05-05,6.87,94.7597,8.5,173.94
"2695",2015-05-06,6.87,95.0431,8.5,173.49
"2696",2015-05-07,6.87,95.1534,8.5,171.52
"2697",2015-05-08,6.87,95.3079,8.5,171.47
"2698",2015-05-09,6.87,95.3079,8.5,171.47
"2699",2015-05-10,6.87,95.3079,8.5,171.47
"2700",2015-05-11,6.87,95.4269,8.5,170.65
"2701",2015-05-12,6.87,96.1868,8.5,169.46
"2702",2015-05-13,6.87,96.5461,8.5,167.27
"2703",2015-05-14,6.87,96.5341,8.5,167.82
"2704",2015-05-15,6.87,96.1498,8.5,167.73
"2705",2015-05-16,6.87,96.1498,8.5,167.73
"2706",2015-05-17,6.87,96.1498,8.5,167.73
"2707",2015-05-18,6.87,95.9712,8.5,167.48
"2708",2015-05-19,6.87,96.3111,8.5,167.83
"2709",2015-05-20,6.87,96.5352,8.5,167.38
"2710",2015-05-21,6.87,96.7994,8.5,166.48
"2711",2015-05-22,6.87,96.8052,8.5,164.92
"2712",2015-05-23,6.87,96.8052,8.5,164.92
"2713",2015-05-24,6.87,96.8052,8.5,164.92
"2714",2015-05-25,6.87,97.3884,8.5,164.14
"2715",2015-05-26,6.87,97.3884,8.5,162.8
"2716",2015-05-27,6.87,98.3128,8.5,161.31
"2717",2015-05-28,6.87,98.235,8.5,161.46
"2718",2015-05-29,6.87,97.781,8.5,162.13
"2719",2015-05-30,6.87,97.781,8.5,162.13
"2720",2015-05-31,6.87,97.781,8.5,162.13
"2721",2015-06-01,7.03,97.781,8.5,162.13
"2722",2015-06-02,7.03,97.5458,8.5,164.25
"2723",2015-06-03,7.03,96.8727,8.5,164.23
"2724",2015-06-04,7.03,96.8198,8.5,164.22
"2725",2015-06-05,7.03,96.114,8.5,163.78
"2726",2015-06-06,7.03,96.114,8.5,163.78
"2727",2015-06-07,7.03,96.114,8.5,163.78
"2728",2015-06-08,7.03,96.9395,8.5,162.53
"2729",2015-06-09,7.03,97.8668,10,162.36
"2730",2015-06-10,7.03,97.2041,10,162.65
"2731",2015-06-11,7.03,97.0741,10,162.7
"2732",2015-06-12,7.03,97.2083,10,162.89
"2733",2015-06-13,7.03,97.2083,10,162.89
"2734",2015-06-14,7.03,97.2083,10,162.89
"2735",2015-06-15,7.03,97.2465,10,162.75
"2736",2015-06-16,7.03,97.3296,10,162.88
"2737",2015-06-17,7.03,97.4944,10,163.02
"2738",2015-06-18,7.03,97.8703,10,162.82
"2739",2015-06-19,7.03,98.181,10,162.4
"2740",2015-06-20,7.03,98.181,10,162.4
"2741",2015-06-21,7.03,98.181,10,162.4
"2742",2015-06-22,7.03,98.554,10,163.34
"2743",2015-06-23,7.03,98.5884,10,162.27
"2744",2015-06-24,7.03,98.7823,10,162.27
"2745",2015-06-25,7.03,98.4483,10,162.27
"2746",2015-06-26,7.03,98.5242,10,162.51
"2747",2015-06-27,7.03,98.5242,10,162.51
"2748",2015-06-28,7.03,98.5242,10,162.51
"2749",2015-06-29,7.03,98.4997,10,163.08
"2750",2015-06-30,7.03,98.6394,10,164.41
"2751",2015-07-01,6.62,99.2226,10,163.21
"2752",2015-07-02,6.62,99.3197,10,162.35
"2753",2015-07-03,6.62,99.5654,10,161.5
"2754",2015-07-04,6.62,99.5654,10,161.5
"2755",2015-07-05,6.62,99.5654,10,161.5
"2756",2015-07-06,6.62,99.9769,10,161.43
"2757",2015-07-07,6.62,100.1084,11.5,161.61
"2758",2015-07-08,6.62,100.4845,11.5,160.24
"2759",2015-07-09,6.62,100.4845,11.5,159.59
"2760",2015-07-10,6.62,100.7421,11.5,159.44
"2761",2015-07-11,6.62,100.7421,11.5,159.44
"2762",2015-07-12,6.62,100.7421,11.5,159.44
"2763",2015-07-13,6.62,101.8489,11.5,159.29
"2764",2015-07-14,6.62,101.8089,11.5,158.39
"2765",2015-07-15,6.62,101.5598,11.5,158.45
"2766",2015-07-16,6.62,102.0386,11.5,156.59
"2767",2015-07-17,6.62,102.5016,11.5,155.96
"2768",2015-07-18,6.62,102.5016,11.5,155.96
"2769",2015-07-19,6.62,102.5016,11.5,155.96
"2770",2015-07-20,6.62,102.4957,11.5,156.32
"2771",2015-07-21,6.62,102.551,11.5,156.31
"2772",2015-07-22,6.62,101.4984,11.5,155.703
"2773",2015-07-23,6.62,100.5213,11.5,155.703
"2774",2015-07-24,6.62,100.7268,11.5,153.18
"2775",2015-07-25,6.62,100.7268,11.5,153.18
"2776",2015-07-26,6.62,100.7268,11.5,153.18
"2777",2015-07-27,6.62,101.2913,11.5,153.02
"2778",2015-07-28,6.62,102.0455,11.5,153.1
"2779",2015-07-29,6.62,102.4316,11.5,152.22
"2780",2015-07-30,6.62,101.8798,11.5,150.95
"2781",2015-07-31,6.62,102.5212,11.5,148.39
"2782",2015-08-01,5.84,102.5212,11.5,148.39
"2783",2015-08-02,5.84,102.5212,11.5,148.39
"2784",2015-08-03,5.84,101.7743,11.5,147.04
"2785",2015-08-04,5.84,101.3255,11.5,146.25
"2786",2015-08-05,5.84,101.1118,11.5,145.82
"2787",2015-08-06,5.84,101.2954,11.5,146.43
"2788",2015-08-07,5.84,101.2045,11.5,150.45
"2789",2015-08-08,5.84,101.2045,11.5,150.45
"2790",2015-08-09,5.84,101.2045,11.5,150.45
"2791",2015-08-10,5.84,101.1142,11.5,153.74
"2792",2015-08-11,5.84,101.1317,11.5,154.91
"2793",2015-08-12,5.84,100.9167,11.5,154.61
"2794",2015-08-13,5.84,101.1539,11.5,153.38
"2795",2015-08-14,5.84,102.2534,11.5,152.09
"2796",2015-08-15,5.84,102.2534,11.5,152.09
"2797",2015-08-16,5.84,102.2534,11.5,152.09
"2798",2015-08-17,5.84,102.2911,11.5,152.04
"2799",2015-08-18,5.84,102.9,11.5,151.63
"2800",2015-08-19,5.84,103.1596,11.5,151.01
"2801",2015-08-20,5.84,103.5285,11.5,150.42
"2802",2015-08-21,5.84,103.4756,11.5,149.66
"2803",2015-08-22,5.84,103.4756,11.5,149.66
"2804",2015-08-23,5.84,103.4756,11.5,149.66
"2805",2015-08-24,5.84,103.6042,11.5,146.4
"2806",2015-08-25,5.84,103.7712,11.5,142.8
"2807",2015-08-26,5.84,103.8061,11.5,139.43
"2808",2015-08-27,5.84,103.604,11.5,137.51
"2809",2015-08-28,5.84,103.7533,11.5,140.18
"2810",2015-08-29,5.84,103.7533,11.5,140.18
"2811",2015-08-30,5.84,103.7533,11.5,140.18
"2812",2015-08-31,5.84,103.8699,11.5,142.8
"2813",2015-09-01,5.97,103.9576,11.5,143.12
"2814",2015-09-02,5.97,104.227,11.5,142.52
"2815",2015-09-03,5.97,104.6886,11.5,144.95
"2816",2015-09-04,5.97,105.147,11.5,144.04
"2817",2015-09-05,5.97,105.147,11.5,144.04
"2818",2015-09-06,5.97,105.147,11.5,144.04
"2819",2015-09-07,5.97,105.147,11.5,145.11
"2820",2015-09-08,5.97,106.2455,11.5,145.64
"2821",2015-09-09,5.97,105.4057,11.5,145.51
"2822",2015-09-10,5.97,105.214,11.5,146.19
"2823",2015-09-11,5.97,105.3575,11.5,146.46
"2824",2015-09-12,5.97,105.3575,11.5,146.46
"2825",2015-09-13,5.97,105.3575,11.5,146.46
"2826",2015-09-14,5.97,105.2931,11.5,147.58
"2827",2015-09-15,5.97,105.3783,11.5,149.14
"2828",2015-09-16,5.97,105.6298,11.5,148.68
"2829",2015-09-17,5.97,105.6784,11.5,148.28
"2830",2015-09-18,5.97,105.6028,11.5,147.19
"2831",2015-09-19,5.97,105.6028,11.5,147.19
"2832",2015-09-20,5.97,105.6028,11.5,147.19
"2833",2015-09-21,5.97,105.1067,11.5,147.27
"2834",2015-09-22,5.97,105.3599,11.5,147.29
"2835",2015-09-23,5.97,105.5597,11.5,147.52
"2836",2015-09-24,5.97,105.56,11.5,148.3
"2837",2015-09-25,5.97,105.2757,11.5,148.32
"2838",2015-09-26,5.97,105.2757,11.5,148.32
"2839",2015-09-27,5.97,105.2757,11.5,148.32
"2840",2015-09-28,5.97,105.2444,11.5,148.1
"2841",2015-09-29,5.97,105.2743,11.5,148.1
"2842",2015-09-30,5.97,105.2928,11.5,146.92
"2843",2015-10-01,6.72,104.6829,11.5,145.65
"2844",2015-10-02,6.72,104.3943,11.5,143.16
"2845",2015-10-03,6.72,104.3943,11.5,143.16
"2846",2015-10-04,6.72,104.3943,11.5,143.16
"2847",2015-10-05,6.72,103.9313,11.5,143.42
"2848",2015-10-06,6.72,103.0658,11.5,142.93
"2849",2015-10-07,6.72,103.3171,11.5,142.7
"2850",2015-10-08,6.72,103.3171,11.5,142.4
"2851",2015-10-09,6.72,103.0828,11.5,141.87
"2852",2015-10-10,6.72,103.0828,11.5,141.87
"2853",2015-10-11,6.72,103.0828,11.5,141.87
"2854",2015-10-12,6.72,103.0214,11.5,140.92
"2855",2015-10-13,6.72,102.9543,11.5,139.87
"2856",2015-10-14,6.72,103.2257,11.5,136.33
"2857",2015-10-15,6.72,103.2442,11.5,135.71
"2858",2015-10-16,6.72,103.0499,11.5,136.94
"2859",2015-10-17,6.72,103.0499,11.5,136.94
"2860",2015-10-18,6.72,103.0499,11.5,136.94
"2861",2015-10-19,6.72,102.4563,11.5,138.01
"2862",2015-10-20,6.72,102.4563,11.5,138.01
"2863",2015-10-21,6.72,102.1205,11.5,138.96
"2864",2015-10-22,6.72,102.0997,11.5,139.43
"2865",2015-10-23,6.72,102.0201,11.5,139.54
"2866",2015-10-24,6.72,102.0201,11.5,139.54
"2867",2015-10-25,6.72,102.0201,11.5,139.54
"2868",2015-10-26,6.72,102.1572,11.5,138.28
"2869",2015-10-27,6.72,101.6613,11.5,137.86
"2870",2015-10-28,6.72,101.6399,11.5,137.99
"2871",2015-10-29,6.72,101.5571,11.5,138.07
"2872",2015-10-30,6.72,101.8,11.5,137.28
"2873",2015-10-31,6.72,101.8,11.5,137.28
"2874",2015-11-01,7.32,101.8,11.5,137.28
"2875",2015-11-02,7.32,101.9657,11.5,136.93
"2876",2015-11-03,7.32,102.0099,11.5,137.27
"2877",2015-11-04,7.32,102.0086,11.5,136.89
"2878",2015-11-05,7.32,101.9715,11.5,139.42
"2879",2015-11-06,7.32,102.1284,11.5,140.18
"2880",2015-11-07,7.32,102.1284,11.5,140.18
"2881",2015-11-08,7.32,102.1284,11.5,140.18
"2882",2015-11-09,7.32,102.2398,11.5,140.64
"2883",2015-11-10,7.32,102.2443,11.5,141.34
"2884",2015-11-11,7.32,102.2474,11.5,143.12
"2885",2015-11-12,7.32,102.2926,11.5,143.79
"2886",2015-11-13,7.32,102.2926,11.5,143.32
"2887",2015-11-14,7.32,102.2926,11.5,143.32
"2888",2015-11-15,7.32,102.2926,11.5,143.32
"2889",2015-11-16,7.32,102.3085,11.5,143.73
"2890",2015-11-17,7.32,102.2372,11.5,144.44
"2891",2015-11-18,7.32,102.214,11.5,144.71
"2892",2015-11-19,7.32,102.1859,11.5,146.31
"2893",2015-11-20,7.32,102.2011,11.5,147.04
"2894",2015-11-21,7.32,102.2011,11.5,147.04
"2895",2015-11-22,7.32,102.2011,11.5,147.04
"2896",2015-11-23,7.32,102.1806,11.5,147.63
"2897",2015-11-24,7.32,102.2,11.5,145.96
"2898",2015-11-25,7.32,102.1793,11.5,145.65
"2899",2015-11-26,7.32,102.1793,11.5,145.65
"2900",2015-11-27,7.32,102.1363,11.5,142.93
"2901",2015-11-28,7.32,102.1363,11.5,142.93
"2902",2015-11-29,7.32,102.1363,11.5,142.93
"2903",2015-11-30,7.32,102.1143,11.5,143.47
"2904",2015-12-01,8.01,102.1842,11.5,143.48
"2905",2015-12-02,8.01,102.1529,11.5,144.21
"2906",2015-12-03,8.01,102.1854,11.5,143.26
"2907",2015-12-04,8.01,102.1854,11.5,143.29
"2908",2015-12-05,8.01,102.1854,11.5,143.29
"2909",2015-12-06,8.01,102.1854,11.5,143.29
"2910",2015-12-07,8.01,102.1611,11.5,143.61
"2911",2015-12-08,8.01,102.1185,11.5,144.04
"2912",2015-12-09,8.01,102.0213,11.5,144.39
"2913",2015-12-10,8.01,101.8943,11.5,144.28
"2914",2015-12-11,8.01,101.8771,11.5,144.72
"2915",2015-12-12,8.01,101.8771,11.5,144.72
"2916",2015-12-13,8.01,101.8771,11.5,144.72
"2917",2015-12-14,8.01,102.0579,11.5,144.76
"2918",2015-12-15,8.01,102.1685,11.5,144.94
"2919",2015-12-16,8.01,102.2097,11.5,146.08
"2920",2015-12-17,8.01,102.3157,11.5,145.31
"2921",2015-12-18,8.01,102.3548,11.5,145.55
"2922",2015-12-19,8.01,102.3548,11.5,145.55
"2923",2015-12-20,8.01,102.3548,11.5,145.55
"2924",2015-12-21,8.01,102.3204,11.5,145.61
"2925",2015-12-22,8.01,102.2442,11.5,144.77
"2926",2015-12-23,8.01,102.2526,11.5,142.85
"2927",2015-12-24,8.01,102.3123,11.5,142.51
"2928",2015-12-25,8.01,102.3123,11.5,142.51
"2929",2015-12-26,8.01,102.3123,11.5,142.51
"2930",2015-12-27,8.01,102.3123,11.5,142.51
"2931",2015-12-28,8.01,102.2951,11.5,142.94
"2932",2015-12-29,8.01,102.257,11.5,143.97
"2933",2015-12-30,8.01,102.2303,11.5,144.37
"2934",2015-12-31,8.01,102.3114,11.5,145.7
"2935",2016-01-01,7.78,102.3114,11.5,145.7
"2936",2016-01-02,7.78,102.3114,11.5,145.7
"2937",2016-01-03,7.78,102.3114,11.5,145.7
"2938",2016-01-04,7.78,102.2948,11.5,145.5
"2939",2016-01-05,7.78,102.2674,11.5,145.49
"2940",2016-01-06,7.78,102.2742,11.5,146.81
"2941",2016-01-07,7.78,102.2605,11.5,146.74
"2942",2016-01-08,7.78,102.1471,11.5,145.24
"2943",2016-01-09,7.78,102.1471,11.5,145.24
"2944",2016-01-10,7.78,102.1471,11.5,145.24
"2945",2016-01-11,7.78,102.2165,11.5,144.23
"2946",2016-01-12,7.78,102.3357,11.5,142.91
"2947",2016-01-13,7.78,102.3583,11.5,142.71
"2948",2016-01-14,7.78,102.3664,11.5,141.77
"2949",2016-01-15,7.78,102.3525,11.5,141.86
"2950",2016-01-16,7.78,102.3525,11.5,141.86
"2951",2016-01-17,7.78,102.3525,11.5,141.86
"2952",2016-01-18,7.78,102.3617,11.5,141.1
"2953",2016-01-19,7.78,102.3699,11.5,140.69
"2954",2016-01-20,7.78,102.4013,11.5,138.83
"2955",2016-01-21,7.78,102.3828,11.5,137.02
"2956",2016-01-22,7.78,102.3285,11.5,136.47
"2957",2016-01-23,7.78,102.3285,11.5,136.47
"2958",2016-01-24,7.78,102.3285,11.5,136.47
"2959",2016-01-25,7.78,102.3142,11.5,137.13
"2960",2016-01-26,7.78,102.3142,11.5,136.66
"2961",2016-01-27,7.78,102.3194,11.5,136.55
"2962",2016-01-28,7.78,102.277,11.5,136.92
"2963",2016-01-29,7.78,102.2834,11.5,136.81
"2964",2016-01-30,7.78,102.2834,11.5,136.81
"2965",2016-01-31,7.78,102.2834,11.5,136.81
"2966",2016-02-01,6.84,102.2708,11.5,138.03
"2967",2016-02-02,6.84,102.288,11.5,139.65
"2968",2016-02-03,6.84,102.2685,11.5,141.95
"2969",2016-02-04,6.84,102.2828,11.5,140.92
"2970",2016-02-05,6.84,102.1614,11.5,141.38
"2971",2016-02-06,6.84,102.1614,11.5,141.38
"2972",2016-02-07,6.84,102.1614,11.5,141.38
"2973",2016-02-08,6.84,102.1314,11.5,141.67
"2974",2016-02-09,6.84,101.9427,11.5,141.64
"2975",2016-02-10,6.84,101.9284,11.5,140.88
"2976",2016-02-11,6.84,101.7729,11.5,140.41
"2977",2016-02-12,6.84,101.8271,11.5,140.49
"2978",2016-02-13,6.84,101.8271,11.5,140.49
"2979",2016-02-14,6.84,101.8271,11.5,140.49
"2980",2016-02-15,6.84,101.8145,11.5,140.31
"2981",2016-02-16,6.84,101.8257,11.5,140.24
"2982",2016-02-17,6.84,101.7999,11.5,139.89
"2983",2016-02-18,6.84,101.7954,11.5,139.96
"2984",2016-02-19,6.84,101.7917,11.5,140.69
"2985",2016-02-20,6.84,101.7917,11.5,140.69
"2986",2016-02-21,6.84,101.7917,11.5,140.69
"2987",2016-02-22,6.84,101.8133,11.5,139.64
"2988",2016-02-23,6.84,101.8038,11.5,140.38
"2989",2016-02-24,6.84,101.7856,11.5,140.52
"2990",2016-02-25,6.84,101.7805,11.5,140.9
"2991",2016-02-26,6.84,101.7833,11.5,141.22
"2992",2016-02-27,6.84,101.7833,11.5,141.22
"2993",2016-02-28,6.84,101.7833,11.5,141.22
"2994",2016-02-29,6.84,101.6971,11.5,142.03
"2995",2016-03-01,6.45,101.6743,11.5,141.8
"2996",2016-03-02,6.45,101.5671,11.5,143.71
"2997",2016-03-03,6.45,101.3975,11.5,145.21
"2998",2016-03-04,6.45,101.335,11.5,146.96
"2999",2016-03-05,6.45,101.335,11.5,146.96
"3000",2016-03-06,6.45,101.335,11.5,146.96
"3001",2016-03-07,6.45,101.3895,11.5,147.21
"3002",2016-03-08,6.45,101.4109,11.5,144.76
"3003",2016-03-09,6.45,101.602,11.5,144.93
"3004",2016-03-10,6.45,101.581,11.5,144.53
"3005",2016-03-11,6.45,101.4475,11.5,144.97
"3006",2016-03-12,6.45,101.4475,11.5,144.97
"3007",2016-03-13,6.45,101.4475,11.5,144.97
"3008",2016-03-14,6.45,101.4445,11.5,145.26
"3009",2016-03-15,6.45,101.535,11.5,144.84
"3010",2016-03-16,6.45,101.4948,11.5,145.35
"3011",2016-03-17,6.45,101.4848,11.5,145.72
"3012",2016-03-18,6.45,101.4848,11.5,145.68
"3013",2016-03-19,6.45,101.4848,11.5,145.68
"3014",2016-03-20,6.45,101.4848,11.5,145.68
"3015",2016-03-21,6.45,101.4599,11.5,145.07
"3016",2016-03-22,6.45,101.4863,11.5,146.08
"3017",2016-03-23,6.45,101.5248,11.5,147.24
"3018",2016-03-24,6.45,101.5218,11.5,147.56
"3019",2016-03-25,6.45,101.5218,11.5,147.56
"3020",2016-03-26,6.45,101.5218,11.5,147.56
"3021",2016-03-27,6.45,101.5218,11.5,147.56
"3022",2016-03-28,6.45,101.5218,11.5,147.56
"3023",2016-03-29,6.45,101.5292,11.5,147.07
"3024",2016-03-30,6.45,101.5249,11.5,146.61
"3025",2016-03-31,6.45,101.3339,11.5,147.44
"3026",2016-04-01,5.27,101.3928,11.5,147.03
"3027",2016-04-02,5.27,101.3928,11.5,147.03
"3028",2016-04-03,5.27,101.3928,11.5,147.03
"3029",2016-04-04,5.27,101.4292,11.5,146.88
"3030",2016-04-05,5.27,101.4799,11.5,146.73
"3031",2016-04-06,5.27,101.3785,11.5,146.88
"3032",2016-04-07,5.27,101.3157,11.5,147.44
"3033",2016-04-08,5.27,101.3413,11.5,146.5
"3034",2016-04-09,5.27,101.3413,11.5,146.5
"3035",2016-04-10,5.27,101.3413,11.5,146.5
"3036",2016-04-11,5.27,101.1306,11.5,145.67
"3037",2016-04-12,5.27,101.0896,11.5,144.72
"3038",2016-04-13,5.27,101.1275,11.5,144.78
"3039",2016-04-14,5.27,101.137,11.5,145.23
"3040",2016-04-15,5.27,101.1662,11.5,146.08
"3041",2016-04-16,5.27,101.1662,11.5,146.08
"3042",2016-04-17,5.27,101.1662,11.5,146.08
"3043",2016-04-18,5.27,101.2194,11.5,146.31
"3044",2016-04-19,5.27,101.2046,11.5,146.43
"3045",2016-04-20,5.27,101.156,11.5,146.87
"3046",2016-04-21,5.27,101.1342,11.5,147.41
"3047",2016-04-22,5.27,101.14,11.5,147.55
"3048",2016-04-23,5.27,101.14,11.5,147.55
"3049",2016-04-24,5.27,101.14,11.5,147.55
"3050",2016-04-25,5.27,101.2115,11.5,146.25
"3051",2016-04-26,5.27,101.2172,11.5,145.69
"3052",2016-04-27,5.27,101.2029,11.5,145.12
"3053",2016-04-28,5.27,101.1817,11.5,146.56
"3054",2016-04-29,5.27,101.1413,11.5,146.93
"3055",2016-04-30,5.27,101.1413,11.5,146.93
"3056",2016-05-01,5,101.1413,11.5,146.93
"3057",2016-05-02,5,101.1413,11.5,146.93
"3058",2016-05-03,5,101.1108,11.5,146.47
"3059",2016-05-04,5,100.7896,11.5,145.72
"3060",2016-05-05,5,100.6942,11.5,145.63
"3061",2016-05-06,5,100.5744,11.5,145.61
"3062",2016-05-07,5,100.5744,11.5,145.61
"3063",2016-05-08,5,100.5744,11.5,145.61
"3064",2016-05-09,5,100.473,11.5,145.64
"3065",2016-05-10,5,100.5211,11.5,145.64
"3066",2016-05-11,5,100.6873,11.5,146.21
"3067",2016-05-12,5,100.6339,11.5,146.44
"3068",2016-05-13,5,100.6,11.5,146.71
"3069",2016-05-14,5,100.6,11.5,146.71
"3070",2016-05-15,5,100.6,11.5,146.71
"3071",2016-05-16,5,100.6711,11.5,146.31
"3072",2016-05-17,5,100.7127,11.5,145.31
"3073",2016-05-18,5,100.8299,11.5,145.74
"3074",2016-05-19,5,100.9712,11.5,146.33
"3075",2016-05-20,5,100.6913,11.5,146.74
"3076",2016-05-21,5,100.6913,11.5,146.74
"3077",2016-05-22,5,100.6913,11.5,146.74
"3078",2016-05-23,5,100.7947,10.5,146.25
"3079",2016-05-24,5,100.9272,10.5,146.45
"3080",2016-05-25,5,100.8714,10.5,146.27
"3081",2016-05-26,5,100.6722,10.5,145.78
"3082",2016-05-27,5,100.6619,10.5,145.54
"3083",2016-05-28,5,100.6619,10.5,145.54
"3084",2016-05-29,5,100.6619,10.5,145.54
"3085",2016-05-30,5,100.6606,10.5,144.43
"3086",2016-05-31,5,100.8306,10.5,143.61
"3087",2016-06-01,5.8,100.8306,10.5,143.61
"3088",2016-06-02,5.8,100.8444,10.5,143.51
"3089",2016-06-03,5.8,100.9022,10.5,143.49
"3090",2016-06-04,5.8,100.9022,10.5,143.49
"3091",2016-06-05,5.8,100.9022,10.5,143.49
"3092",2016-06-06,5.8,101.0042,10.5,143.84
"3093",2016-06-07,5.8,101.1083,10.5,144.63
"3094",2016-06-08,5.8,101.1278,10.5,145.43
"3095",2016-06-09,5.8,101.0889,10.5,146.39
"3096",2016-06-10,5.8,101.1203,10.5,146.97
"3097",2016-06-11,5.8,101.1203,10.5,146.97
"3098",2016-06-12,5.8,101.1203,10.5,146.97
"3099",2016-06-13,5.8,101.1042,10.5,146.25
"3100",2016-06-14,5.8,101.1275,10.5,145.43
"3101",2016-06-15,5.8,101.2728,10.5,146.5
"3102",2016-06-16,5.8,101.2514,10.5,147.3
"3103",2016-06-17,5.8,101.2603,10.5,147.44
"3104",2016-06-18,5.8,101.2603,10.5,147.44
"3105",2016-06-19,5.8,101.2603,10.5,147.44
"3106",2016-06-20,5.8,101.2336,10.5,147.29
"3107",2016-06-21,5.8,101.2456,10.5,146.37
"3108",2016-06-22,5.8,101.1958,10.5,145.16
"3109",2016-06-23,5.8,101.2108,10.5,144.33
"3110",2016-06-24,5.8,101.2739,10.5,141.98
"3111",2016-06-25,5.8,101.2739,10.5,141.98
"3112",2016-06-26,5.8,101.2739,10.5,141.98
"3113",2016-06-27,5.8,101.24,10.5,140.53
"3114",2016-06-28,5.8,101.2417,10.5,139.64
"3115",2016-06-29,5.8,101.21,10.5,139.32
"3116",2016-06-30,5.8,101.1022,10.5,140.6
"3117",2016-07-01,6.39,101.0861,10.5,140.46
"3118",2016-07-02,6.39,101.0861,10.5,140.46
"3119",2016-07-03,6.39,101.0861,10.5,140.46
"3120",2016-07-04,6.39,101.0867,10.5,140.07
"3121",2016-07-05,6.39,101.1042,10.5,140.23
"3122",2016-07-06,6.39,101.1194,10.5,140.84
"3123",2016-07-07,6.39,101.1194,10.5,140.84
"3124",2016-07-08,6.39,101.1722,10.5,141.01
"3125",2016-07-09,6.39,101.1722,10.5,141.01
"3126",2016-07-10,6.39,101.1722,10.5,141.01
"3127",2016-07-11,6.39,101.2372,10.5,140.19
"3128",2016-07-12,6.39,101.2683,10.5,138.87
"3129",2016-07-13,6.39,101.2872,10.5,139.17
"3130",2016-07-14,6.39,101.2872,10.5,138.76
"3131",2016-07-15,6.39,101.3372,10.5,138.3
"3132",2016-07-16,6.39,101.3372,10.5,138.3
"3133",2016-07-17,6.39,101.3372,10.5,138.3
"3134",2016-07-18,6.39,101.3847,10.5,137.36
"3135",2016-07-19,6.39,101.4781,10.5,137.65
"3136",2016-07-20,6.39,101.5678,10.5,138.62
"3137",2016-07-21,6.39,101.5778,10.5,138.82
"3138",2016-07-22,6.39,101.5544,10.5,138.52
"3139",2016-07-23,6.39,101.5544,10.5,138.52
"3140",2016-07-24,6.39,101.5544,10.5,138.52
"3141",2016-07-25,6.39,101.5544,10.5,138.75
"3142",2016-07-26,6.39,101.3894,10.5,140.93
"3143",2016-07-27,6.39,101.3167,10.5,141.43
"3144",2016-07-28,6.39,101.39,10.5,141.94
"3145",2016-07-29,6.39,101.3889,10.5,142.39
"3146",2016-07-30,6.39,101.3889,10.5,142.39
"3147",2016-07-31,6.39,101.3889,10.5,142.39
"3148",2016-08-01,6.26,101.3972,10.5,142.91
"3149",2016-08-02,6.26,101.4111,10.5,144.6
"3150",2016-08-03,6.26,101.4117,10.5,145.29
"3151",2016-08-04,6.26,101.4067,10.5,143.39
"3152",2016-08-05,6.26,101.3939,10.5,143.97
"3153",2016-08-06,6.26,101.3939,10.5,143.97
"3154",2016-08-07,6.26,101.3939,10.5,143.97
"3155",2016-08-08,6.26,101.3794,10.5,143.44
"3156",2016-08-09,6.26,101.4489,10.5,143.63
"3157",2016-08-10,6.26,101.4744,10.5,143.93
"3158",2016-08-11,6.26,101.4939,10.5,143.63
"3159",2016-08-12,6.26,101.4744,10.5,143.86
"3160",2016-08-13,6.26,101.4744,10.5,143.86
"3161",2016-08-14,6.26,101.4744,10.5,143.86
"3162",2016-08-15,6.26,101.4639,10.5,144.4
"3163",2016-08-16,6.26,101.4617,10.5,146.8
"3164",2016-08-17,6.26,101.4811,10.5,147.5
"3165",2016-08-18,6.26,101.4139,10.5,147.32
"3166",2016-08-19,6.26,101.3722,10.5,146.75
"3167",2016-08-20,6.26,101.3722,10.5,146.75
"3168",2016-08-21,6.26,101.3722,10.5,146.75
"3169",2016-08-22,6.26,101.355,10.5,144.73
"3170",2016-08-23,6.26,101.3756,10.5,146.31
"3171",2016-08-24,6.26,101.3506,10.5,146.48
"3172",2016-08-25,6.26,101.3744,10.5,139.14
"3173",2016-08-26,6.26,101.3661,10.5,134.97
"3174",2016-08-27,6.26,101.3661,10.5,134.97
"3175",2016-08-28,6.26,101.3661,10.5,134.97
"3176",2016-08-29,6.26,101.3817,10.5,133.5
"3177",2016-08-30,6.26,101.3889,10.5,133.32
"3178",2016-08-31,6.26,101.3589,10.5,134.94
"3179",2016-09-01,6.34,101.325,10.5,134.47
"3180",2016-09-02,6.34,101.2983,10.5,134.06
"3181",2016-09-03,6.34,101.2983,10.5,134.06
"3182",2016-09-04,6.34,101.2983,10.5,134.06
"3183",2016-09-05,6.34,101.2356,10.5,129.65
"3184",2016-09-06,6.34,101.2739,10.5,130.42
"3185",2016-09-07,6.34,101.3167,10.5,130.75
"3186",2016-09-08,6.34,101.3194,10.5,130.87
"3187",2016-09-09,6.34,101.3028,10.5,131.49
"3188",2016-09-10,6.34,101.3028,10.5,131.49
"3189",2016-09-11,6.34,101.3028,10.5,131.49
"3190",2016-09-12,6.34,101.3028,10.5,131.49
"3191",2016-09-13,6.34,101.2044,10.5,131.58
"3192",2016-09-14,6.34,101.2044,10.5,131.34
"3193",2016-09-15,6.34,101.2044,10.5,131.63
"3194",2016-09-16,6.34,101.2872,10.5,131.58
"3195",2016-09-17,6.34,101.2872,10.5,131.58
"3196",2016-09-18,6.34,101.2872,10.5,131.58
"3197",2016-09-19,6.34,101.2906,10.5,132.24
"3198",2016-09-20,6.34,101.2856,10,132.34
"3199",2016-09-21,6.34,101.2628,10,132.85
"3200",2016-09-22,6.34,101.2706,10,133.45
"3201",2016-09-23,6.34,101.21,10,134.12
"3202",2016-09-24,6.34,101.21,10,134.12
"3203",2016-09-25,6.34,101.21,10,134.12
"3204",2016-09-26,6.34,101.1944,10,134.55
"3205",2016-09-27,6.34,101.3011,10,134.88
"3206",2016-09-28,6.34,101.2844,10,134.82
"3207",2016-09-29,6.34,101.3133,10,136.01
"3208",2016-09-30,6.34,101.2617,10,136.75
"3209",2016-10-01,6.47,101.2617,10,136.75
"3210",2016-10-02,6.47,101.2617,10,136.75
"3211",2016-10-03,6.47,101.2206,10,138.15
"3212",2016-10-04,6.47,101.2139,10,137.71
"3213",2016-10-05,6.47,101.26,10,137.74
"3214",2016-10-06,6.47,101.27,10,137.53
"3215",2016-10-07,6.47,101.25,10,138.17
"3216",2016-10-08,6.47,101.25,10,138.17
"3217",2016-10-09,6.47,101.25,10,138.17
"3218",2016-10-10,6.47,101.2653,10,138.15
"3219",2016-10-11,6.47,101.2847,10,131.62
"3220",2016-10-12,6.47,101.2953,10,137.03
"3221",2016-10-13,6.47,101.2892,10,137.15
"3222",2016-10-14,6.47,101.3475,10,137.53
"3223",2016-10-15,6.47,101.3475,10,137.53
"3224",2016-10-16,6.47,101.3475,10,137.53
"3225",2016-10-17,6.47,101.3583,10,136.39
"3226",2016-10-18,6.47,101.3528,10,136.63
"3227",2016-10-19,6.47,101.3078,10,136.13
"3228",2016-10-20,6.47,101.3078,10,136.13
"3229",2016-10-21,6.47,101.315,10,135.79
"3230",2016-10-22,6.47,101.315,10,135.79
"3231",2016-10-23,6.47,101.315,10,135.79
"3232",2016-10-24,6.47,101.37,10,136.81
"3233",2016-10-25,6.47,101.4039,10,136.64
"3234",2016-10-26,6.47,101.3883,10,136.58
"3235",2016-10-27,6.47,101.3828,10,136.82
"3236",2016-10-28,6.47,101.4342,10,137.04
"3237",2016-10-29,6.47,101.4342,10,137.04
"3238",2016-10-30,6.47,101.4342,10,137.04
"3239",2016-10-31,6.47,101.4586,10,137.04
"3240",2016-11-01,6.68,101.4761,10,138.31
"3241",2016-11-02,6.68,101.5239,10,139.76
"3242",2016-11-03,6.68,101.5661,10,141.33
"3243",2016-11-04,6.68,101.5911,10,141.5
"3244",2016-11-05,6.68,101.5911,10,141.5
"3245",2016-11-06,6.68,101.5911,10,141.5
"3246",2016-11-07,6.68,101.6578,10,140.49
"3247",2016-11-08,6.68,101.6222,10,139.8
"3248",2016-11-09,6.68,101.7208,10,138.55
"3249",2016-11-10,6.68,101.6983,10,139.89
"3250",2016-11-11,6.68,101.7028,10,140.01
"3251",2016-11-12,6.68,101.7028,10,140.01
"3252",2016-11-13,6.68,101.7028,10,140.01
"3253",2016-11-14,6.68,101.7417,10,139.38
"3254",2016-11-15,6.68,101.7667,10,139.09
"3255",2016-11-16,6.68,101.7717,10,140.06
"3256",2016-11-17,6.68,101.8533,10,139.96
"3257",2016-11-18,6.68,101.8278,10,138.73
"3258",2016-11-19,6.68,101.8278,10,138.73
"3259",2016-11-20,6.68,101.8278,10,138.73
"3260",2016-11-21,6.68,101.8444,10,138.2
"3261",2016-11-22,6.68,101.8556,10,138.01
"3262",2016-11-23,6.68,101.8528,10,137.93
"3263",2016-11-24,6.68,101.865,10,136.41
"3264",2016-11-25,6.68,101.8733,10,137.4
"3265",2016-11-26,6.68,101.8733,10,137.4
"3266",2016-11-27,6.68,101.8733,10,137.4
"3267",2016-11-28,6.68,101.8939,10,136.84
"3268",2016-11-29,6.68,101.8756,10,136.55
"3269",2016-11-30,6.68,101.9728,10,136.61
"3270",2016-12-01,6.35,101.8503,10,136.74
"3271",2016-12-02,6.35,101.8586,10,136.43
"3272",2016-12-03,6.35,101.8586,10,136.43
"3273",2016-12-04,6.35,101.8586,10,136.43
"3274",2016-12-05,6.35,101.87,10,136.08
"3275",2016-12-06,6.35,101.8739,10,135.17
"3276",2016-12-07,6.35,101.9144,10,132.73
"3277",2016-12-08,6.35,101.9731,10,133.7
"3278",2016-12-09,6.35,101.9739,10,132.25
"3279",2016-12-10,6.35,101.9739,10,132.25
"3280",2016-12-11,6.35,101.9739,10,132.25
"3281",2016-12-12,6.35,101.9739,10,132.25
"3282",2016-12-13,6.35,102.0817,10,131.87
"3283",2016-12-14,6.35,102.0978,10,130.27
"3284",2016-12-15,6.35,102.1006,10,130.95
"3285",2016-12-16,6.35,102.1861,10,130.81
"3286",2016-12-17,6.35,102.1861,10,130.81
"3287",2016-12-18,6.35,102.1861,10,130.81
"3288",2016-12-19,6.35,102.1978,10,131.06
"3289",2016-12-20,6.35,102.2417,10,131.01
"3290",2016-12-21,6.35,102.3017,10,130.76
"3291",2016-12-22,6.35,102.3472,10,132.04
"3292",2016-12-23,6.35,102.3578,10,131.91
"3293",2016-12-24,6.35,102.3578,10,131.91
"3294",2016-12-25,6.35,102.3578,10,131.91
"3295",2016-12-26,6.35,102.3578,10,131.91
"3296",2016-12-27,6.35,102.3578,10,131.91
"3297",2016-12-28,6.35,102.3589,10,131.47
"3298",2016-12-29,6.35,102.4433,10,131.3
"3299",2016-12-30,6.35,102.4858,10,133.34
"3300",2016-12-31,6.35,102.4858,10,133.34
"3301",2017-01-01,6.99,102.4858,10,133.34
"3302",2017-01-02,6.99,102.4858,10,133.34
"3303",2017-01-03,6.99,102.5628,10,132.61
"3304",2017-01-04,6.99,102.8128,10,132.27
"3305",2017-01-05,6.99,103.4667,10,131.45
"3306",2017-01-06,6.99,103.6094,10,129.76
"3307",2017-01-07,6.99,103.6094,10,129.76
"3308",2017-01-08,6.99,103.6094,10,129.76
"3309",2017-01-09,6.99,103.6583,10,128.86
"3310",2017-01-10,6.99,103.8056,10,127.22
"3311",2017-01-11,6.99,103.8367,10,125.76
"3312",2017-01-12,6.99,103.8283,10,124.75
"3313",2017-01-13,6.99,103.8778,10,123.94
"3314",2017-01-14,6.99,103.8778,10,123.94
"3315",2017-01-15,6.99,103.8778,10,123.94
"3316",2017-01-16,6.99,103.915,10,124.27
"3317",2017-01-17,6.99,103.9306,10,124.09
"3318",2017-01-18,6.99,103.9611,10,124.19
"3319",2017-01-19,6.99,103.9494,10,124.21
"3320",2017-01-20,6.99,103.8333,10,124.04
"3321",2017-01-21,6.99,103.8333,10,124.04
"3322",2017-01-22,6.99,103.8333,10,124.04
"3323",2017-01-23,6.99,103.8028,10,124.06
"3324",2017-01-24,6.99,103.8028,10,123.29
"3325",2017-01-25,6.99,103.9928,10,122.77
"3326",2017-01-26,6.99,104.0028,10,122.39
"3327",2017-01-27,6.99,103.9639,10,122.28
"3328",2017-01-28,6.99,103.9639,10,122.28
"3329",2017-01-29,6.99,103.9639,10,122.28
"3330",2017-01-30,6.99,103.9667,10,121.26
"3331",2017-01-31,6.99,103.9556,10,122.23
"3332",2017-02-01,9.04,103.8589,10,122.77
"3333",2017-02-02,9.04,103.8233,10,123.43
"3334",2017-02-03,9.04,103.8144,10,124.19
"3335",2017-02-04,9.04,103.8144,10,124.19
"3336",2017-02-05,9.04,103.8144,10,124.19
"3337",2017-02-06,9.04,103.7583,10,125.06
"3338",2017-02-07,9.04,103.6917,10,125
"3339",2017-02-08,9.04,103.6989,10,125.03
"3340",2017-02-09,9.04,103.6994,10,125.19
"3341",2017-02-10,9.04,103.5333,10,125.45
"3342",2017-02-11,9.04,103.5333,10,125.45
"3343",2017-02-12,9.04,103.5333,10,125.45
"3344",2017-02-13,9.04,103.6319,10,125.11
"3345",2017-02-14,9.04,103.67,10,124.95
"3346",2017-02-15,9.04,103.6608,10,124.91
"3347",2017-02-16,9.04,103.65,10,125.33
"3348",2017-02-17,9.04,103.6514,10,124.93
"3349",2017-02-18,9.04,103.6514,10,124.93
"3350",2017-02-19,9.04,103.6514,10,124.93
"3351",2017-02-20,9.04,103.6222,10,124.66
"3352",2017-02-21,9.04,103.6222,10,124.93
"3353",2017-02-22,9.04,103.5767,10,125.39
"3354",2017-02-23,9.04,103.5944,10,125.93
"3355",2017-02-24,9.04,103.5467,10,126.53
"3356",2017-02-25,9.04,103.5467,10,126.53
"3357",2017-02-26,9.04,103.5467,10,126.53
"3358",2017-02-27,9.04,103.4678,10,125.88
"3359",2017-02-28,9.04,103.3417,10,124.89
"3360",2017-03-01,10.28,102.975,10,122.65
"3361",2017-03-02,10.28,102.8333,10,122.33
"3362",2017-03-03,10.28,102.8761,10,121.73
"3363",2017-03-04,10.28,102.8761,10,121.73
"3364",2017-03-05,10.28,102.8761,10,121.73
"3365",2017-03-06,10.28,102.6528,10,121.43
"3366",2017-03-07,10.28,102.6428,10,120.96
"3367",2017-03-08,10.28,102.6211,10,119.62
"3368",2017-03-09,10.28,102.5628,10,119.85
"3369",2017-03-10,10.28,102.5639,10,122.47
"3370",2017-03-11,10.28,102.5639,10,122.47
"3371",2017-03-12,10.28,102.5639,10,122.47
"3372",2017-03-13,10.28,102.615,10,124.55
"3373",2017-03-14,10.28,102.6711,10,126.79
"3374",2017-03-15,10.28,102.8122,10,125.3
"3375",2017-03-16,10.28,102.8944,10,124.76
"3376",2017-03-17,10.28,103.0306,10,126.61
"3377",2017-03-18,10.28,103.0306,10,126.61
"3378",2017-03-19,10.28,103.0306,10,126.61
"3379",2017-03-20,10.28,103.1111,10,127.2
"3380",2017-03-21,10.28,103.1117,10,127.78
"3381",2017-03-22,10.28,103.1056,10,128.38
"3382",2017-03-23,10.28,102.8972,10,129.9
"3383",2017-03-24,10.28,102.9472,10,130.61
"3384",2017-03-25,10.28,102.9472,10,130.61
"3385",2017-03-26,10.28,102.9472,10,130.61
"3386",2017-03-27,10.28,102.9083,10,131.42
"3387",2017-03-28,10.28,102.7061,10,131.52
"3388",2017-03-29,10.28,102.9528,10,130.61
"3389",2017-03-30,10.28,103.0167,10,130.43
"3390",2017-03-31,10.28,103,10,130.51
"3391",2017-04-01,10.28,103,10,130.51
"3392",2017-04-02,10.28,103,10,130.51
"3393",2017-04-03,10.28,103.0989,10,131.5
"3394",2017-04-04,10.28,103.1944,10,131.19
"3395",2017-04-05,10.28,103.2367,10,131.32
"3396",2017-04-06,10.28,103.2783,10,132.63
"3397",2017-04-07,10.28,103.4372,10,132.95
"3398",2017-04-08,10.28,103.4372,10,132.95
"3399",2017-04-09,10.28,103.4372,10,132.95
"3400",2017-04-10,10.28,103.3889,10,133.3
"3401",2017-04-11,10.28,103.4444,10,133.45
"3402",2017-04-12,10.28,103.415,10,134.56
"3403",2017-04-13,10.28,103.4089,10,135.08
"3404",2017-04-14,10.28,103.4089,10,135.08
"3405",2017-04-15,10.28,103.4089,10,135.08
"3406",2017-04-16,10.28,103.4089,10,135.08
"3407",2017-04-17,10.28,103.4089,10,135.08
"3408",2017-04-18,10.28,103.3617,10,133.5
"3409",2017-04-19,10.28,103.4283,10,133.81
"3410",2017-04-20,10.28,103.4139,10,133.78
"3411",2017-04-21,10.28,103.3806,10,133.5
"3412",2017-04-22,10.28,103.3806,10,133.5
"3413",2017-04-23,10.28,103.3806,10,133.5
"3414",2017-04-24,10.28,103.3247,10,133.65
"3415",2017-04-25,10.28,103.2683,10,132.71
"3416",2017-04-26,10.28,103.2711,10,133.13
"3417",2017-04-27,10.28,103.2833,10,133.24
"3418",2017-04-28,10.28,103.2222,10,133.28
"3419",2017-04-29,10.28,103.2222,10,133.28
"3420",2017-04-30,10.28,103.2222,10,133.28
"3421",2017-05-01,11.7,103.2222,10,133.28
"3422",2017-05-02,11.7,103.1478,10,134
"3423",2017-05-03,11.7,103.0972,10,134.07
"3424",2017-05-04,11.7,103.0931,10,134.58
"3425",2017-05-05,11.7,103.1442,10,135.22
"3426",2017-05-06,11.7,103.1442,10,135.22
"3427",2017-05-07,11.7,103.1442,10,135.22
"3428",2017-05-08,11.7,103.1386,10,136.82
"3429",2017-05-09,11.7,103.175,10,135.96
"3430",2017-05-10,11.7,103.2006,10,135.88
"3431",2017-05-11,11.7,103.3161,10,137.64
"3432",2017-05-12,11.7,103.3778,10,137.8
"3433",2017-05-13,11.7,103.3778,10,137.8
"3434",2017-05-14,11.7,103.3778,10,137.8
"3435",2017-05-15,11.7,103.2222,10,137.77
"3436",2017-05-16,11.7,103.2333,10,137.67
"3437",2017-05-17,11.7,103.3494,10,137.12
"3438",2017-05-18,11.7,103.3378,10,138.85
"3439",2017-05-19,11.7,103.3406,10,139.46
"3440",2017-05-20,11.7,103.3406,10,139.46
"3441",2017-05-21,11.7,103.3406,10,139.46
"3442",2017-05-22,11.7,103.3078,10,140.83
"3443",2017-05-23,11.7,103.2883,10,140.77
"3444",2017-05-24,11.7,103.3,10,143.48
"3445",2017-05-25,11.7,103.2986,10,145.55
"3446",2017-05-26,11.7,103.3094,10,147.07
"3447",2017-05-27,11.7,103.3094,10,147.07
"3448",2017-05-28,11.7,103.3094,10,147.07
"3449",2017-05-29,11.7,103.3439,10,145.59
"3450",2017-05-30,11.7,103.3561,10,144.62
"3451",2017-05-31,11.7,103.3811,10,148.4
"3452",2017-06-01,9.21,103.3811,10,148.4
"3453",2017-06-02,9.21,103.3544,10,150.08
"3454",2017-06-03,9.21,103.3544,10,150.08
"3455",2017-06-04,9.21,103.3544,10,150.08
"3456",2017-06-05,9.21,103.3317,10,149.63
"3457",2017-06-06,9.21,103.3622,10,148.25
"3458",2017-06-07,9.21,103.3486,10,149.29
"3459",2017-06-08,9.21,103.3194,10,149.28
"3460",2017-06-09,9.21,103.3208,10,150.53
"3461",2017-06-10,9.21,103.3208,10,150.53
"3462",2017-06-11,9.21,103.3208,10,150.53
"3463",2017-06-12,9.21,103.3206,10,150.42
"3464",2017-06-13,9.21,103.34,10,152.93
"3465",2017-06-14,9.21,103.3694,10,152.05
"3466",2017-06-15,9.21,103.4083,10,152.94
"3467",2017-06-16,9.21,103.5547,10,154.08
"3468",2017-06-17,9.21,103.5547,10,154.08
"3469",2017-06-18,9.21,103.5547,10,154.08
"3470",2017-06-19,9.21,103.5756,10,152.97
"3471",2017-06-20,9.21,103.6156,10,152.74
"3472",2017-06-21,9.21,103.62,10,153.23
"3473",2017-06-22,9.21,103.6256,10,154.35
"3474",2017-06-23,9.21,103.6283,10,154.59
"3475",2017-06-24,9.21,103.6283,10,154.59
"3476",2017-06-25,9.21,103.6283,10,154.59
"3477",2017-06-26,9.21,103.6283,10,154.59
"3478",2017-06-27,9.21,103.6661,10,155.56
"3479",2017-06-28,9.21,103.6717,10,154.32
"3480",2017-06-29,9.21,103.6783,10,153.22
"3481",2017-06-30,9.21,103.7117,10,152.92
"3482",2017-07-01,7.47,103.7117,10,152.92
"3483",2017-07-02,7.47,103.7117,10,152.92
"3484",2017-07-03,7.47,103.7167,10,152.63
"3485",2017-07-04,7.47,103.8078,10,151.88
"3486",2017-07-05,7.47,103.7678,10,151.35
"3487",2017-07-06,7.47,103.7839,10,151.5
"3488",2017-07-07,7.47,103.8372,10,152.24
"3489",2017-07-08,7.47,103.8372,10,152.24
"3490",2017-07-09,7.47,103.8372,10,152.24
"3491",2017-07-10,7.47,103.835,10,152.12
"3492",2017-07-11,7.47,103.9217,10,152.19
"3493",2017-07-12,7.47,104.0167,10,152.56
"3494",2017-07-13,7.47,103.9333,10,152.99
"3495",2017-07-14,7.47,103.8889,10,153.13
"3496",2017-07-15,7.47,103.8889,10,153.13
"3497",2017-07-16,7.47,103.8889,10,153.13
"3498",2017-07-17,7.47,103.9089,10,153.63
"3499",2017-07-18,7.47,103.9072,10,154.06
"3500",2017-07-19,7.47,103.9256,10,154.19
"3501",2017-07-20,7.47,103.9256,10,154.31
"3502",2017-07-21,7.47,103.8417,10,155.3
"3503",2017-07-22,7.47,103.8417,10,155.3
"3504",2017-07-23,7.47,103.8417,10,155.3
"3505",2017-07-24,7.47,103.8661,10,156.11
"3506",2017-07-25,7.47,103.8828,10,157.05
"3507",2017-07-26,7.47,103.9072,10,158.35
"3508",2017-07-27,7.47,103.9033,10,158.4
"3509",2017-07-28,7.47,103.9094,10,161.18
"3510",2017-07-29,7.47,103.9094,10,161.18
"3511",2017-07-30,7.47,103.9094,10,161.18
"3512",2017-07-31,7.47,103.9111,10,161.35
"3513",2017-08-01,8.04,103.9194,10,158.35
"3514",2017-08-02,8.04,103.8739,10,158.94
"3515",2017-08-03,8.04,103.8572,10,158.94
"3516",2017-08-04,8.04,103.8672,10,158.17
"3517",2017-08-05,8.04,103.8672,10,158.17
"3518",2017-08-06,8.04,103.8672,10,158.17
"3519",2017-08-07,8.04,103.8881,10,158.83
"3520",2017-08-08,8.04,103.8881,10,158.83
"3521",2017-08-09,8.04,103.8881,10,160.54
"3522",2017-08-10,8.04,103.9028,10,162.74
"3523",2017-08-11,8.04,103.8972,10,165
"3524",2017-08-12,8.04,103.8972,10,165
"3525",2017-08-13,8.04,103.8972,10,165
"3526",2017-08-14,8.04,103.87,10,168.81
"3527",2017-08-15,8.04,103.87,10,168.71
"3528",2017-08-16,8.04,103.7456,10,166.79
"3529",2017-08-17,8.04,103.6978,10,166.08
"3530",2017-08-18,8.04,103.3878,10,165.2
"3531",2017-08-19,8.04,103.3878,10,165.2
"3532",2017-08-20,8.04,103.3878,10,165.2
"3533",2017-08-21,8.04,103.225,10,166.61
"3534",2017-08-22,8.04,103.1028,10,166.57
"3535",2017-08-23,8.04,103.1778,10,167.53
"3536",2017-08-24,8.04,103.2378,10,168.69
"3537",2017-08-25,8.04,103.2528,10,172.31
"3538",2017-08-26,8.04,103.2528,10,172.31
"3539",2017-08-27,8.04,103.2528,10,172.31
"3540",2017-08-28,8.04,103.1583,10,173.47
"3541",2017-08-29,8.04,103.1728,10,172.75
"3542",2017-08-30,8.04,103.1828,10,171.21
"3543",2017-08-31,8.04,103.1433,10,169.16
"3544",2017-09-01,7.06,102.8111,10,162.91
"3545",2017-09-02,7.06,102.8111,10,162.91
"3546",2017-09-03,7.06,102.8111,10,162.91
"3547",2017-09-04,7.06,103.1639,10,160.33
"3548",2017-09-05,7.06,103.2328,10,161.9
"3549",2017-09-06,7.06,103.2528,10,162.27
"3550",2017-09-07,7.06,103.2417,10,164
"3551",2017-09-08,7.06,103.1617,10,165.65
"3552",2017-09-09,7.06,103.1617,10,165.65
"3553",2017-09-10,7.06,103.1617,10,165.65
"3554",2017-09-11,7.06,102.8944,10,166.32
"3555",2017-09-12,7.06,102.7017,10,166.76
"3556",2017-09-13,7.06,102.8778,10,164.17
"3557",2017-09-14,7.06,102.8706,10,164.48
"3558",2017-09-15,7.06,102.8486,10,164.49
"3559",2017-09-16,7.06,102.8486,10,164.49
"3560",2017-09-17,7.06,102.8486,10,164.49
"3561",2017-09-18,7.06,103.0333,10,162.03
"3562",2017-09-19,7.06,103.1444,10,163.94
"3563",2017-09-20,7.06,103.275,10,164.78
"3564",2017-09-21,7.06,103.315,10,166.02
"3565",2017-09-22,7.06,103.2872,10,165.91
"3566",2017-09-23,7.06,103.2872,10,165.91
"3567",2017-09-24,7.06,103.2872,10,165.91
"3568",2017-09-25,7.06,103.2611,10,165.72
"3569",2017-09-26,7.06,103.2694,10,166.02
"3570",2017-09-27,7.06,103.34,10,161.75
"3571",2017-09-28,7.06,103.34,10,163.38
"3572",2017-09-29,7.06,103.2472,10,162.21
"3573",2017-09-30,7.06,103.2472,10,162.21
"3574",2017-10-01,5.72,103.2472,10,162.21
"3575",2017-10-02,5.72,103.2222,10,161.17
"3576",2017-10-03,5.72,103.2194,10,162.09
"3577",2017-10-04,5.72,103.3072,10,161.56
"3578",2017-10-05,5.72,103.3139,10,160.97
"3579",2017-10-06,5.72,103.2144,10,160.71
"3580",2017-10-07,5.72,103.2144,10,160.71
"3581",2017-10-08,5.72,103.2144,10,160.71
"3582",2017-10-09,5.72,103.225,10,161.03
"3583",2017-10-10,5.72,103.2667,10,160.85
"3584",2017-10-11,5.72,103.225,10,159.78
"3585",2017-10-12,5.72,103.3028,10,159.1
"3586",2017-10-13,5.72,103.2783,10,159.25
"3587",2017-10-14,5.72,103.2783,10,159.25
"3588",2017-10-15,5.72,103.2783,10,159.25
"3589",2017-10-16,5.72,103.2767,10,158.52
"3590",2017-10-17,5.72,103.2961,10,157.44
"3591",2017-10-18,5.72,103.3611,10,156.66
"3592",2017-10-19,5.72,103.4167,10,154.93
"3593",2017-10-20,5.72,103.4167,10,154.93
"3594",2017-10-21,5.72,103.4167,10,154.93
"3595",2017-10-22,5.72,103.4167,10,154.93
"3596",2017-10-23,5.72,103.5528,10,156.07
"3597",2017-10-24,5.72,103.6961,10,158.11
"3598",2017-10-25,5.72,103.6961,10,158.11
"3599",2017-10-26,5.72,103.6961,10,158.11
"3600",2017-10-27,5.72,103.8139,10,159.87
"3601",2017-10-28,5.72,103.8139,10,159.87
"3602",2017-10-29,5.72,103.8139,10,159.87
"3603",2017-10-30,5.72,103.6917,10,160.11
"3604",2017-10-31,5.72,103.6944,10,161.99
"3605",2017-11-01,4.73,103.75,10,163.96
"3606",2017-11-02,4.73,103.7944,10,163.48
"3607",2017-11-03,4.73,103.7389,10,164.5
"3608",2017-11-04,4.73,103.7389,10,164.5
"3609",2017-11-05,4.73,103.7389,10,164.5
"3610",2017-11-06,4.73,103.6639,10,163.09
"3611",2017-11-07,4.73,103.6194,10,161.34
"3612",2017-11-08,4.73,103.6056,10,161.99
"3613",2017-11-09,4.73,103.6,10,161.76
"3614",2017-11-10,4.73,103.5933,10,160.97
"3615",2017-11-11,4.73,103.5933,10,160.97
"3616",2017-11-12,4.73,103.5933,10,160.97
"3617",2017-11-13,4.73,103.5811,10,160.34
"3618",2017-11-14,4.73,103.5861,10,160.01
"3619",2017-11-15,4.73,103.6778,10,161.64
"3620",2017-11-16,4.73,103.7361,10,162.5
"3621",2017-11-17,4.73,103.6939,10,163.13
"3622",2017-11-18,4.73,103.6939,10,163.13
"3623",2017-11-19,4.73,103.6939,10,163.13
"3624",2017-11-20,4.73,103.7889,10,164.82
"3625",2017-11-21,4.73,103.6,10,168.27
"3626",2017-11-22,4.73,103.365,10,172.17
"3627",2017-11-23,4.73,103.3861,10,167.9
"3628",2017-11-24,4.73,103.2639,10,168.43
"3629",2017-11-25,4.73,103.2639,10,168.43
"3630",2017-11-26,4.73,103.2639,10,168.43
"3631",2017-11-27,4.73,103.3444,10,170.8
"3632",2017-11-28,4.73,103.3444,10,170.8
"3633",2017-11-29,4.73,103.3533,10,172.73
"3634",2017-11-30,4.73,103.2533,10,172.92
"3635",2017-12-01,4.5,103.1028,10,173.08
"3636",2017-12-02,4.5,103.1028,10,173.08
"3637",2017-12-03,4.5,103.1028,10,173.08
"3638",2017-12-04,4.5,103.1028,10,173.61
"3639",2017-12-05,4.5,103.0611,10,173.3
"3640",2017-12-06,4.5,102.9833,10,173.63
"3641",2017-12-07,4.5,102.8778,10,175.08
"3642",2017-12-08,4.5,102.9583,10,175.27
"3643",2017-12-09,4.5,102.9583,10,175.27
"3644",2017-12-10,4.5,102.9583,10,175.27
"3645",2017-12-11,4.5,103.0778,10,176
"3646",2017-12-12,4.5,103.0778,10,176
"3647",2017-12-13,4.5,103.1083,10,174.14
"3648",2017-12-14,4.5,103.1667,10,172.88
"3649",2017-12-15,4.5,103.22,10,172.15
"3650",2017-12-16,4.5,103.22,10,172.15
"3651",2017-12-17,4.5,103.22,10,172.15
"3652",2017-12-18,4.5,103.1983,10,170.59
"3653",2017-12-19,4.5,103.1572,10,170.16
"3654",2017-12-20,4.5,103.1306,10,169.99
"3655",2017-12-21,4.5,103.0889,10,171.36
"3656",2017-12-22,4.5,103.0806,10,171.62
"3657",2017-12-23,4.5,103.0806,10,171.62
"3658",2017-12-24,4.5,103.0806,10,171.62
"3659",2017-12-25,4.5,103.0806,10,171.62
"3660",2017-12-26,4.5,103.0806,10,171.62
"3661",2017-12-27,4.5,103.0806,10,170
"3662",2017-12-28,4.5,103.1528,10,169.64
"3663",2017-12-29,4.5,103.2317,10,171.2
"3664",2017-12-30,4.5,103.2317,10,171.2
"3665",2017-12-31,4.5,103.2317,10,171.2
"3666",2018-01-01,4.83,103.2317,10,171.2
"3667",2018-01-02,4.83,103.2944,10,171.16
"3668",2018-01-03,4.83,103.3522,10,170.98
"3669",2018-01-04,4.83,103.4389,10,171.67
"3670",2018-01-05,4.83,103.2761,10,172.67
"3671",2018-01-06,4.83,103.2761,10,172.67
"3672",2018-01-07,4.83,103.2761,10,172.67
"3673",2018-01-08,4.83,103.2606,10,173.93
"3674",2018-01-09,4.83,103.215,10,174.14
"3675",2018-01-10,4.83,103.1778,10,173.76
"3676",2018-01-11,4.83,103.1433,10,174.2
"3677",2018-01-12,4.83,103.0933,10,176.07
"3678",2018-01-13,4.83,103.0933,10,176.07
"3679",2018-01-14,4.83,103.0933,10,176.07
"3680",2018-01-15,4.83,103.0667,10,177.37
"3681",2018-01-16,4.83,103.0583,10,177.83
"3682",2018-01-17,4.83,103.0361,10,177.67
"3683",2018-01-18,4.83,102.8883,10,178.49
"3684",2018-01-19,4.83,102.9083,10,180.17
"3685",2018-01-20,4.83,102.9083,10,180.17
"3686",2018-01-21,4.83,102.9083,10,180.17
"3687",2018-01-22,4.83,102.8681,10,179.81
"3688",2018-01-23,4.83,102.785,10,180.43
"3689",2018-01-24,4.83,102.5556,10,179.44
"3690",2018-01-25,4.83,102.3394,10,180.55
"3691",2018-01-26,4.83,102.3667,10,181.69
"3692",2018-01-27,4.83,102.3667,10,181.69
"3693",2018-01-28,4.83,102.3667,10,181.69
"3694",2018-01-29,4.83,102.3533,10,181.16
"3695",2018-01-30,4.83,102.3611,10,181.04
"3696",2018-01-31,4.83,102.3572,10,180.6
"3697",2018-02-01,4.46,101.9917,10,181.57
"3698",2018-02-02,4.46,101.9222,10,181.69
"3699",2018-02-03,4.46,101.9222,10,181.69
"3700",2018-02-04,4.46,101.9222,10,181.69
"3701",2018-02-05,4.46,101.7361,10,181.91
"3702",2018-02-06,4.46,101.3639,10,181.38
"3703",2018-02-07,4.46,101.3061,10,178.11
"3704",2018-02-08,4.46,101.0056,10,180.39
"3705",2018-02-09,4.46,100.7956,10,179.96
"3706",2018-02-10,4.46,100.7956,10,179.96
"3707",2018-02-11,4.46,100.7956,10,179.96
"3708",2018-02-12,4.46,100.8483,10,177.78
"3709",2018-02-13,4.46,101.0361,10,178.35
"3710",2018-02-14,4.46,101.2333,10,178.96
"3711",2018-02-15,4.46,101.2167,10,178.66
"3712",2018-02-16,4.46,101.2517,10,180.25
"3713",2018-02-17,4.46,101.2517,10,180.25
"3714",2018-02-18,4.46,101.2517,10,180.25
"3715",2018-02-19,4.46,101.3083,10,180.21
"3716",2018-02-20,4.46,101.3,10,181.74
"3717",2018-02-21,4.46,101.2972,10,181.71
"3718",2018-02-22,4.46,101.4683,10,180.75
"3719",2018-02-23,4.46,101.7322,10,180.78
"3720",2018-02-24,4.46,101.7322,10,180.78
"3721",2018-02-25,4.46,101.7322,10,180.78
"3722",2018-02-26,4.46,101.8322,10,180.64
"3723",2018-02-27,4.46,101.6417,10,180.68
"3724",2018-02-28,4.46,101.6167,10,181.77
"3725",2018-03-01,4.18,101.3833,10,181.99
"3726",2018-03-02,4.18,101.2858,10,181.26
"3727",2018-03-03,4.18,101.2858,10,181.26
"3728",2018-03-04,4.18,101.2858,10,181.26
"3729",2018-03-05,4.18,101.3222,10,180.91
"3730",2018-03-06,4.18,101.3267,10,181.02
"3731",2018-03-07,4.18,101.3078,10,182.16
"3732",2018-03-08,4.18,101.2933,10,181.27
"3733",2018-03-09,4.18,101.2,10,180.6
"3734",2018-03-10,4.18,101.2,10,180.6
"3735",2018-03-11,4.18,101.2,10,180.6
"3736",2018-03-12,4.18,101.1472,10,181.25
"3737",2018-03-13,4.18,101.2889,10,182.74
"3738",2018-03-14,4.18,101.2744,10,183.57
"3739",2018-03-15,4.18,101.26,10,182.88
"3740",2018-03-16,4.18,101.2867,10,184.09
"3741",2018-03-17,4.18,101.2867,10,184.09
"3742",2018-03-18,4.18,101.2867,10,184.09
"3743",2018-03-19,4.18,101.2867,9.5,186.65
"3744",2018-03-20,4.18,101.2694,9.5,188.61
"3745",2018-03-21,4.18,101.2667,9.5,190.45
"3746",2018-03-22,4.18,101.0625,9.5,191.67
"3747",2018-03-23,4.18,100.9669,9.5,192.17
"3748",2018-03-24,4.18,100.9669,9.5,192.17
"3749",2018-03-25,4.18,100.9669,9.5,192.17
"3750",2018-03-26,4.18,100.9625,9.5,191.44
"3751",2018-03-27,4.18,100.9083,9.5,190.54
"3752",2018-03-28,4.18,100.8572,9.5,189.34
"3753",2018-03-29,4.18,100.8472,9.5,191.23
"3754",2018-03-30,4.18,100.8472,9.5,191.23
"3755",2018-03-31,4.18,100.8472,9.5,191.23
"3756",2018-04-01,3.73,100.8472,9.5,191.23
"3757",2018-04-02,3.73,100.8472,9.5,191.23
"3758",2018-04-03,3.73,100.8944,9.5,191.92
"3759",2018-04-04,3.73,101.0656,9.5,193.9
"3760",2018-04-05,3.73,101.1606,9.5,196.57
"3761",2018-04-06,3.73,101.0278,9.5,194.86
"3762",2018-04-07,3.73,101.0278,9.5,194.86
"3763",2018-04-08,3.73,101.0278,9.5,194.86
"3764",2018-04-09,3.73,101.0017,9.5,193.06
"3765",2018-04-10,3.73,100.9906,9.5,193.2
"3766",2018-04-11,3.73,101.0033,9.5,194.16
"3767",2018-04-12,3.73,100.9756,9.5,192.82
"3768",2018-04-13,3.73,100.8667,9.5,191.35
"3769",2018-04-14,3.73,100.8667,9.5,191.35
"3770",2018-04-15,3.73,100.8667,9.5,191.35
"3771",2018-04-16,3.73,100.7694,9.5,189.67
"3772",2018-04-17,3.73,100.6267,9.5,186.85
"3773",2018-04-18,3.73,100.4028,9.5,184.85
"3774",2018-04-19,3.73,100.3989,9.5,183.68
"3775",2018-04-20,3.73,100.2556,9.5,182.73
"3776",2018-04-21,3.73,100.2556,9.5,182.73
"3777",2018-04-22,3.73,100.2556,9.5,182.73
"3778",2018-04-23,3.73,100.2556,9.5,180.67
"3779",2018-04-24,3.73,99.9778,9.5,179.96
"3780",2018-04-25,3.73,100.0478,9.5,180.54
"3781",2018-04-26,3.73,100.1086,9.5,179.79
"3782",2018-04-27,3.73,100.3294,9.5,179.48
"3783",2018-04-28,3.73,100.3294,9.5,179.48
"3784",2018-04-29,3.73,100.3294,9.5,179.48
"3785",2018-04-30,3.73,100.3611,9.5,179.53
"3786",2018-05-01,3.73,100.3611,9.5,179.53
"3787",2018-05-02,3.73,100.335,9.5,175.84
"3788",2018-05-03,3.73,100.1856,9.5,174.96
"3789",2018-05-04,3.73,100.2222,9.5,179.36
"3790",2018-05-05,3.73,100.2222,9.5,179.36
"3791",2018-05-06,3.73,100.2222,9.5,179.36
"3792",2018-05-07,3.73,100.2644,9.5,179.25
"3793",2018-05-08,3.73,100.2917,9.5,178.74
"3794",2018-05-09,3.73,100.4611,9.5,181.18
"3795",2018-05-10,3.73,100.595,9.5,178.25
"3796",2018-05-11,3.73,100.4406,9.5,176.74
"3797",2018-05-12,3.73,100.4406,9.5,176.74
"3798",2018-05-13,3.73,100.4406,9.5,176.74
"3799",2018-05-14,3.73,100.4317,9.5,175.35
"3800",2018-05-15,3.73,100.2694,9.5,174.87
"3801",2018-05-16,3.73,100.4506,9.5,177.62
"3802",2018-05-17,3.73,100.4278,9.5,178.76
"3803",2018-05-18,3.73,100.4244,9.5,179.25
"3804",2018-05-19,3.73,100.4244,9.5,179.25
"3805",2018-05-20,3.73,100.4244,9.5,179.25
"3806",2018-05-21,3.73,100.5461,9.5,177.72
"3807",2018-05-22,3.73,100.6006,9.5,178.14
"3808",2018-05-23,3.73,100.7989,9.5,177.04
"3809",2018-05-24,3.73,101.0028,9.5,176.56
"3810",2018-05-25,3.73,101.0711,9.5,175.37
"3811",2018-05-26,3.73,101.0711,9.5,175.37
"3812",2018-05-27,3.73,101.0711,9.5,175.37
"3813",2018-05-28,3.73,101.18,9.5,174.73
"3814",2018-05-29,3.73,101.5378,9.5,174.09
"3815",2018-05-30,3.73,101.5658,9.5,173.2
"3816",2018-05-31,3.73,101.5658,9.5,172.53
"3817",2018-06-01,3.73,101.5658,9.5,172.53
"3818",2018-06-02,3.73,101.5658,9.5,172.53
"3819",2018-06-03,3.73,101.5658,9.5,172.53
"3820",2018-06-04,3.73,101.385,9.5,172.36
"3821",2018-06-05,3.73,100.9111,9.5,173.82
"3822",2018-06-06,3.73,101,9.5,176.65
"3823",2018-06-07,3.73,100.825,9.5,177.03
"3824",2018-06-08,3.73,100.8444,9.5,176.67
"3825",2018-06-09,3.73,100.8444,9.5,176.67
"3826",2018-06-10,3.73,100.8444,9.5,176.67
"3827",2018-06-11,3.73,101.0028,9.5,178.29
"3828",2018-06-12,3.73,101.0461,9.5,178.32
"3829",2018-06-13,3.73,101.1261,9.5,178.21
"3830",2018-06-14,3.73,101.1406,9.5,178.19
"3831",2018-06-15,3.73,101.1406,9.5,178.19
"3832",2018-06-16,3.73,101.1406,9.5,178.19
"3833",2018-06-17,3.73,101.1406,9.5,178.19
"3834",2018-06-18,3.73,101.1056,9.5,177.73
"3835",2018-06-19,3.73,101.1333,9.5,173.48
"3836",2018-06-20,3.73,101.1217,9.5,170.14
"3837",2018-06-21,3.73,100.96,9.5,170.19
"3838",2018-06-22,3.73,100.83,9.5,172.74
"3839",2018-06-23,3.73,100.83,9.5,172.74
"3840",2018-06-24,3.73,100.83,9.5,172.74
"3841",2018-06-25,3.73,100.83,9.5,172.96
"3842",2018-06-26,3.73,100.8283,9.5,174.1
"3843",2018-06-27,3.73,100.9439,9.5,175.53
"3844",2018-06-28,3.73,101.045,9.5,175.5
"3845",2018-06-29,3.73,101.045,9.5,174.36
"3846",2018-06-30,3.73,101.045,9.5,174.36
"3847",2018-07-01,3.73,101.045,9.5,174.36
"3848",2018-07-02,3.73,100.8861,9.5,172.71
"3849",2018-07-03,3.73,100.8411,9.5,169.8
"3850",2018-07-04,3.73,100.8411,9.5,171.37
"3851",2018-07-05,3.73,100.725,9.5,172.99
"3852",2018-07-06,3.73,100.7583,9.5,172.95
"3853",2018-07-07,3.73,100.7583,9.5,172.95
"3854",2018-07-08,3.73,100.7583,9.5,172.95
"3855",2018-07-09,3.73,100.8083,9.5,173.92
"3856",2018-07-10,3.73,100.8883,9.5,174.16
"3857",2018-07-11,3.73,100.9056,9.5,172.23
"3858",2018-07-12,3.73,100.79,9.5,171.86
"3859",2018-07-13,3.73,100.7944,9.5,171.27
"3860",2018-07-14,3.73,100.7944,9.5,171.27
"3861",2018-07-15,3.73,100.7944,9.5,171.27
"3862",2018-07-16,3.73,100.66,9.5,171.06
"3863",2018-07-17,3.73,100.3944,9.5,172.22
"3864",2018-07-18,3.73,100.6228,9.5,173.14
"3865",2018-07-19,3.73,100.6339,9.5,174.11
"3866",2018-07-20,3.73,100.7333,9.5,172.37
"3867",2018-07-21,3.73,100.7333,9.5,172.37
"3868",2018-07-22,3.73,100.7333,9.5,172.37
"3869",2018-07-23,3.73,100.7417,9.5,172.43
"3870",2018-07-24,3.73,100.55,9.5,172.38
"3871",2018-07-25,3.73,100.5139,9.5,173.23
"3872",2018-07-26,3.73,100.4889,9.5,172.66
"3873",2018-07-27,3.73,100.4639,9.5,172.47
"3874",2018-07-28,3.73,100.4639,9.5,172.47
"3875",2018-07-29,3.73,100.4639,9.5,172.47
"3876",2018-07-30,3.73,100.3378,9,172.28
"3877",2018-07-31,3.73,100.4083,9,170.46
"3878",2018-08-01,3.73,100.475,9,169.93
"3879",2018-08-02,3.73,100.4556,9,170.78
"3880",2018-08-03,3.73,100.3472,9,171.17
"3881",2018-08-04,3.73,100.3472,9,171.17
"3882",2018-08-05,3.73,100.3472,9,171.17
"3883",2018-08-06,3.73,100.3833,9,170.76
"3884",2018-08-07,3.73,100.4694,9,171
"3885",2018-08-08,3.73,100.4028,9,173.58
"3886",2018-08-09,3.73,100.4222,9,173.95
"3887",2018-08-10,3.73,100.3639,9,172.84
"3888",2018-08-11,3.73,100.3639,9,172.84
"3889",2018-08-12,3.73,100.3639,9,172.84
"3890",2018-08-13,3.73,100.4872,9,173.51
"3891",2018-08-14,3.73,100.7333,9,174.48
"3892",2018-08-15,3.73,100.7333,9,174.71
"3893",2018-08-16,3.73,100.7722,9,173.95
"3894",2018-08-17,3.73,100.7861,9,174.59
"3895",2018-08-18,3.73,100.7861,9,174.59
"3896",2018-08-19,3.73,100.7861,9,174.59
"3897",2018-08-20,3.73,100.7861,9,174.31
"3898",2018-08-21,3.73,100.7861,9,174.31
"3899",2018-08-22,3.73,100.8922,9,173.96
"3900",2018-08-23,3.73,100.6356,9,173.31
"3901",2018-08-24,3.73,100.6778,9,172.98
"3902",2018-08-25,3.73,100.6778,9,172.98
"3903",2018-08-26,3.73,100.6778,9,172.98
"3904",2018-08-27,3.73,100.7856,9,171.33
"3905",2018-08-28,3.73,100.79,9,173.18
"3906",2018-08-29,3.73,100.6778,9,173.11
"3907",2018-08-30,3.73,100.6922,9,172.29
"3908",2018-08-31,3.73,100.6456,9,167.59
"3909",2018-09-01,3.73,100.6456,9,167.59
"3910",2018-09-02,3.73,100.6456,9,167.59
"3911",2018-09-03,3.73,100.6483,9,165.92
"3912",2018-09-04,3.73,100.6572,9,167.34
"3913",2018-09-05,3.73,100.7178,9,165.63
"3914",2018-09-06,3.73,100.7133,9,165.15
"3915",2018-09-07,3.73,100.7156,9,163.71
"3916",2018-09-08,3.73,100.7156,9,163.71
"3917",2018-09-09,3.73,100.7156,9,163.71
"3918",2018-09-10,3.73,100.7206,9,162.49
"3919",2018-09-11,3.73,100.7083,9,160.8
"3920",2018-09-12,3.73,100.7472,9,159.95
"3921",2018-09-13,3.73,100.9194,9,157.44
"3922",2018-09-14,3.73,101.1778,9,158.13
"3923",2018-09-15,3.73,101.1778,9,158.13
"3924",2018-09-16,3.73,101.1778,9,158.13
"3925",2018-09-17,3.73,100.9583,9,157.57
"3926",2018-09-18,3.73,100.8417,9,157.75
"3927",2018-09-19,3.73,100.7989,9,155.86
"3928",2018-09-20,3.73,100.7917,9,148.52
"3929",2018-09-21,3.73,100.7989,9,145.49
"3930",2018-09-22,3.73,100.7989,9,145.49
"3931",2018-09-23,3.73,100.7989,9,145.49
"3932",2018-09-24,3.73,100.8583,9,149.35
"3933",2018-09-25,3.73,100.9794,9,149.05
"3934",2018-09-26,3.73,101.055,9,150.1
"3935",2018-09-27,3.73,100.9139,9,150.6
"3936",2018-09-28,3.73,100.9556,9,149.67
"3937",2018-09-29,3.73,100.9556,9,149.67
"3938",2018-09-30,3.73,100.9556,9,149.67
"3939",2018-10-01,3.73,100.9028,9,148.98
"3940",2018-10-02,3.73,100.9194,9,149.24
"3941",2018-10-03,3.73,100.9483,9,149.4
"3942",2018-10-04,3.73,100.9483,9,150.52
"3943",2018-10-05,3.73,100.95,9,150.88
"3944",2018-10-06,3.73,100.95,9,150.88
"3945",2018-10-07,3.73,100.95,9,150.88
"3946",2018-10-08,3.73,100.85,9,149.92
"3947",2018-10-09,3.73,100.9,9,149.63
"3948",2018-10-10,3.73,100.9,9,149.63
"3949",2018-10-11,3.73,100.915,9,147.63
"3950",2018-10-12,3.73,100.9183,9,144.26
"3951",2018-10-13,3.73,100.9183,9,144.26
"3952",2018-10-14,3.73,100.9183,9,144.26
"3953",2018-10-15,3.73,100.8972,9,141.78
"3954",2018-10-16,3.73,100.925,9,144.32
"3955",2018-10-17,3.73,100.9706,9,144.7
"3956",2018-10-18,3.73,100.9744,9,144.73
"3957",2018-10-19,3.73,101.0261,9,146.33
"3958",2018-10-20,3.73,101.0261,9,146.33
"3959",2018-10-21,3.73,101.0261,9,146.33
"3960",2018-10-22,3.73,101.0444,9,146.21
"3961",2018-10-23,3.73,101.1044,9,145.64
"3962",2018-10-24,3.73,101.1328,9,145.29
"3963",2018-10-25,3.73,101.2106,9,145.77
"3964",2018-10-26,3.73,101.2333,9,145.89
"3965",2018-10-27,3.73,101.2333,9,145.89
"3966",2018-10-28,3.73,101.2333,9,145.89
"3967",2018-10-29,3.73,101.3233,9,145.57
"3968",2018-10-30,3.73,101.7028,9,145.21
"3969",2018-10-31,3.73,101.8472,9,144.35
"3970",2018-11-01,3.73,102.0544,9,145.1
"3971",2018-11-02,3.73,101.7361,9,147.89
"3972",2018-11-03,3.73,101.7361,9,147.89
"3973",2018-11-04,3.73,101.7361,9,147.89
"3974",2018-11-05,3.73,101.4556,9,146.23
"3975",2018-11-06,3.73,101.5089,9,142.95
"3976",2018-11-07,3.73,101.8222,9,142.94
"3977",2018-11-08,3.73,101.7806,9,144.14
"3978",2018-11-09,3.73,101.8556,9,147.01
"3979",2018-11-10,3.73,101.8556,9,147.01
"3980",2018-11-11,3.73,101.8556,9,147.01
"3981",2018-11-12,3.73,101.8556,9,147.12
"3982",2018-11-13,3.73,102.4417,9,146.78
"3983",2018-11-14,3.73,102.6639,9,145.9
"3984",2018-11-15,3.73,102.9056,9,144.92
"3985",2018-11-16,3.73,103.2072,9,144.9
"3986",2018-11-17,3.73,103.2072,9,144.9
"3987",2018-11-18,3.73,103.2072,9,144.9
"3988",2018-11-19,3.73,103.1028,9,143.95
"3989",2018-11-20,3.73,102.8056,9,144.17
"3990",2018-11-21,3.73,102.8583,9,144.03
"3991",2018-11-22,3.73,102.3583,9,144.2
"3992",2018-11-23,3.73,102.4489,9,144.13
"3993",2018-11-24,3.73,102.4489,9,144.13
"3994",2018-11-25,3.73,102.4489,9,144.13
"3995",2018-11-26,3.73,102.4683,9,144.43
"3996",2018-11-27,3.73,102.4533,9,144.72
"3997",2018-11-28,3.73,102.6794,9,145.3
"3998",2018-11-29,3.73,102.5983,9,145.32
"3999",2018-11-30,3.73,102.5444,9,146.08
"4000",2018-12-01,3.73,102.5444,9,146.08
"4001",2018-12-02,3.73,102.5444,9,146.08
"4002",2018-12-03,3.73,102.5111,9,146.52
"4003",2018-12-04,3.73,102.6794,9,146.49
"4004",2018-12-05,3.73,102.5997,9,146.46
"4005",2018-12-06,3.73,102.6389,9,145.65
"4006",2018-12-07,3.73,102.6,9,144.05
"4007",2018-12-08,3.73,102.6,9,144.05
"4008",2018-12-09,3.73,102.6,9,144.05
"4009",2018-12-10,3.73,102.45,9,142.52
"4010",2018-12-11,3.73,102.4722,9,140.88
"4011",2018-12-12,3.73,102.4722,9,140.88
"4012",2018-12-13,3.73,102.655,9,140.9
"4013",2018-12-14,3.73,102.5694,9,142.53
"4014",2018-12-15,3.73,102.5694,9,142.53
"4015",2018-12-16,3.73,102.5694,9,142.53
"4016",2018-12-17,3.73,102.5339,9,142.26
"4017",2018-12-18,3.73,102.4789,9,142.07
"4018",2018-12-19,3.73,102.3833,9,140.95
"4019",2018-12-20,3.73,101.9361,9,139.82
"4020",2018-12-21,3.73,101.4156,9,138.95
"4021",2018-12-22,3.73,101.4156,9,138.95
"4022",2018-12-23,3.73,101.4156,9,138.95
"4023",2018-12-24,3.73,101.8461,9,140.87
"4024",2018-12-25,3.73,101.8461,9,140.87
"4025",2018-12-26,3.73,101.8461,9,140.87
"4026",2018-12-27,3.73,101.8461,9,140.83
"4027",2018-12-28,3.73,101.8461,9,142
"4028",2018-12-29,3.73,101.8461,9,142
"4029",2018-12-30,3.73,101.8461,9,142
"4030",2018-12-31,3.73,101.8461,9,140.43
"4031",2019-01-02,3.73,101.8322,9,140.43
"4032",2019-01-03,3.73,102.1183,9,140.43
"4033",2019-01-04,3.73,102.1611,9,140.43
"4034",2019-01-07,3.73,102.0972,9,140.43
"4035",2019-01-08,3.73,101.8694,9,140.43
"4036",2019-01-09,3.73,101.9572,9,140.43
"4037",2019-01-10,3.73,101.8572,9,140.43
"4038",2019-01-11,3.73,101.7544,9,140.43
"4039",2019-01-14,3.73,101.7417,9,140.43
"4040",2019-01-15,3.73,101.6972,9,140.43
"4041",2019-01-16,3.73,101.7139,9,140.43
"4042",2019-01-17,3.73,101.7017,9,140.43
"4043",2019-01-18,3.73,101.7306,9,140.43
"4044",2019-01-21,3.73,101.7089,9,140.43
"4045",2019-01-22,3.73,101.6017,9,140.43
"4046",2019-01-23,3.73,101.6011,9,140.43
"4047",2019-01-24,3.73,101.4056,9,140.43
"4048",2019-01-25,3.73,101.0833,9,140.43
"4049",2019-01-28,3.73,100.8,9,140.43
"4050",2019-01-29,3.73,100.7139,9,140.43
"4051",2019-01-30,3.73,100.8211,9,140.43
"4052",2019-01-31,3.73,100.89,9,140.43
"4053",2019-02-01,3.73,100.6194,9,140.43
"4054",2019-02-04,3.73,100.375,9,140.43
"4055",2019-02-05,3.73,100.15,9,140.43
"4056",2019-02-06,3.73,100.0722,9,140.43
"4057",2019-02-07,3.73,100.095,9,140.43
"4058",2019-02-08,3.73,100.1478,9,140.43
"4059",2019-02-11,3.73,100.3594,9,140.43
"4060",2019-02-12,3.73,100.5289,9,140.43
"4061",2019-02-13,3.73,100.2772,9,140.43
"4062",2019-02-15,3.73,100.24,9,140.43
"4063",2019-02-18,3.73,100.1917,9,140.43
"4064",2019-02-19,3.73,100.1722,9,140.43
"4065",2019-02-20,3.73,100.2678,9,140.43
"4066",2019-02-21,3.73,100.24,9,140.43
"4067",2019-02-22,3.73,100.2228,9,140.43
"4068",2019-02-25,3.73,100.1822,9,140.43
"4069",2019-02-26,3.73,100.0694,9,140.43
"4070",2019-02-27,3.73,100.1278,9,140.43
"4071",2019-02-28,3.73,100.0861,9,140.43
"4072",2019-03-01,3.73,100.0428,9,140.43
"4073",2019-03-04,3.73,100.0417,9,140.43
"4074",2019-03-05,3.73,100.0389,9,140.43
"4075",2019-03-06,3.73,100.0483,9,140.43
"4076",2019-03-07,3.73,100.0239,9,140.43
"4077",2019-03-08,3.73,99.71,9,140.43
"4078",2019-03-11,3.73,99.6511,9,140.43
"4079",2019-03-12,3.73,99.6056,9,140.43
"4080",2019-03-13,3.73,100.1861,9,140.43
"4081",2019-03-14,3.73,100.24,9,140.43
"4082",2019-03-15,3.73,100.1678,9,140.43
"4083",2019-03-18,3.73,100.2956,9,140.43
"4084",2019-03-19,3.73,100.6583,9,140.43
"4085",2019-03-20,3.73,100.85,9,140.43
"4086",2019-03-21,3.73,101.0072,9,140.43
"4087",2019-03-22,3.73,100.7778,9,140.43
"4088",2019-03-25,3.73,100.7028,9,140.43
"4089",2019-03-26,3.73,100.9639,9,140.43
"4090",2019-03-27,3.73,100.9556,9,140.43
"4091",2019-03-28,3.73,100.8778,9,140.43
"4092",2019-03-29,3.73,100.75,9,140.43
"4093",2019-04-02,3.73,100.8444,9,140.43
"4094",2019-04-03,3.73,100.9033,9,140.43
"4095",2019-04-04,3.73,100.8006,9,140.43
"4096",2019-04-05,3.73,100.7167,9,140.43
"4097",2019-04-08,3.73,100.6333,9,140.43
"4098",2019-04-09,3.73,100.6417,9,140.43
"4099",2019-04-10,3.73,100.8422,9,140.43
"4100",2019-04-11,3.73,101.0944,9,140.43
"4101",2019-04-12,3.73,100.9528,9,140.43
"4102",2019-04-15,3.73,100.9906,9,140.43
"4103",2019-04-16,3.73,100.9972,9,140.43
"4104",2019-04-17,3.73,101.0556,9,140.43
"4105",2019-04-18,3.73,101.2583,9,140.43
"4106",2019-04-23,3.73,101.3353,9,140.43
"4107",2019-04-24,3.73,101.5361,9,140.43
"4108",2019-04-25,3.73,101.5478,9,140.43
"4109",2019-04-26,3.73,101.5122,9,140.43
"4110",2019-04-29,3.73,101.49,9,140.43
"4111",2019-04-30,3.73,101.3803,9,140.43
"4112",2019-05-02,3.73,101.1972,9,140.43
"4113",2019-05-03,3.73,100.9,9,140.43
"4114",2019-05-06,3.73,101.0978,9,140.43
"4115",2019-05-07,3.73,100.9417,9,140.43
"4116",2019-05-08,3.73,101.0472,9,140.43
"4117",2019-05-09,3.73,101.1856,9,140.43
"4118",2019-05-10,3.73,101.1344,9,140.43
"4119",2019-05-13,3.73,101.0736,9,140.43
"4120",2019-05-14,3.73,101.0692,9,140.43
"4121",2019-05-15,3.73,101.0944,9,140.43
"4122",2019-05-16,3.73,101.1069,9,140.43
"4123",2019-05-17,3.73,101.1194,9,140.43
"4124",2019-05-20,3.73,101.1111,9,140.43
"4125",2019-05-21,3.73,101.1117,9,140.43
"4126",2019-05-22,3.73,101.1694,9,140.43
"4127",2019-05-23,3.73,101.2167,9,140.43
"4128",2019-05-24,3.73,101.2261,9,140.43
"4129",2019-05-27,3.73,101.24,9,140.43
"4130",2019-05-27,3.73,101.24,9,140.43
"4131",2019-05-28,3.73,101.2378,9,140.43
"4132",2019-05-29,3.73,101.2778,9,140.43
"4133",2019-05-30,3.73,101.4011,9,140.43
"4134",2019-05-31,3.73,101.3556,9,140.43
"4135",2019-06-03,3.73,101.2872,9,140.43
"4136",2019-06-04,3.73,101.2806,9,140.43
"4137",2019-06-06,3.73,101.35,9,140.43
"4138",2019-06-07,3.73,101.3,9,140.43
"4139",2019-06-13,3.73,101.3883,9,140.43
"4140",2019-06-17,3.73,101.8167,9,140.43
"4141",2019-06-18,3.73,102.0033,9,140.43
"4142",2019-06-19,3.73,102.0222,9,140.43
"4143",2019-06-20,3.73,101.9028,9,140.43
"4144",2019-06-21,3.73,101.8722,9,140.43
"4145",2019-06-24,3.73,101.8778,9,140.43
"4146",2019-06-25,3.73,101.9144,9,140.43
"4147",2019-06-26,3.73,102.1917,9,140.43
"4148",2019-06-27,3.73,102.17,9,140.43
"4149",2019-06-28,3.73,102.2983,9,140.43
"4150",2019-07-01,3.73,102.3606,9,140.43
"4151",2019-07-02,3.73,102.7194,9,140.43
"4152",2019-07-03,3.73,103.0011,9,140.43
"4153",2019-07-04,3.73,102.2944,9,140.43
"4154",2019-07-05,3.73,102.6306,9,140.43
"4155",2019-07-08,3.73,102.6083,9,140.43
"4156",2019-07-09,3.73,102.6917,9,140.43
"4157",2019-07-10,3.73,102.7494,9,140.43
"4158",2019-07-11,3.73,102.9222,9,140.43
"4159",2019-07-12,3.73,102.9217,9,140.43
"4160",2019-07-15,3.73,102.9542,9,140.43
"4161",2019-07-16,3.73,103.0278,9,140.43
"4162",2019-07-17,3.73,103.0522,9,140.43
"4163",2019-07-18,3.73,103.0575,9,140.43
"4164",2019-07-19,3.73,103.1028,9,140.43
"4165",2019-07-22,3.73,103.2167,9,140.43
"4166",2019-07-23,3.73,103.6139,9,140.43
"4167",2019-07-24,3.73,103.7628,9,140.43
"4168",2019-07-25,3.73,104.025,9,140.43
"4169",2019-07-26,3.73,103.8,9,140.43
"4170",2019-07-29,3.73,103.8194,9,140.43
"4171",2019-07-30,3.73,104.0733,9,140.43
"4172",2019-07-31,3.73,104.2097,9,140.43
"4173",2019-08-01,3.73,104.1722,9,140.43
"4174",2019-08-02,3.73,103.2322,9,140.43
"4175",2019-08-05,3.73,103.0056,9,140.43
"4176",2019-08-06,3.73,103.2014,9,140.43
"4177",2019-08-07,3.73,103.2722,9,140.43
"4178",2019-08-08,3.73,103.4375,9,140.43
"4179",2019-08-09,3.73,103.3733,9,140.43
"4180",2019-08-13,3.73,103.0667,9,140.43
"4181",2019-08-14,3.73,103.2533,9,140.43
"4182",2019-08-15,3.73,103.2633,9,140.43
"4183",2019-08-16,3.73,103.3322,9,140.43
"4184",2019-08-19,3.73,103.3817,9,140.43
"4185",2019-08-20,3.73,103.2919,9,140.43
"4186",2019-08-21,3.73,102.9694,9,140.43
"4187",2019-08-22,3.73,102.9611,9,140.43
"4188",2019-08-23,3.73,103.0583,9,140.43
"4189",2019-08-26,3.73,103.1789,9,140.43
"4190",2019-08-27,3.73,103.3228,9,140.43
"4191",2019-08-28,3.73,103.4483,9,140.43
"4192",2019-08-29,3.73,103.4839,9,140.43
"4193",2019-08-30,3.73,103.55,9,140.43
"4194",2019-09-02,3.73,103.5872,9,140.43
"4195",2019-09-03,3.73,103.6375,9,140.43
"4196",2019-09-04,3.73,103.825,9,140.43
"4197",2019-09-05,3.73,103.8211,9,140.43
"4198",2019-09-06,3.73,103.8864,9,140.43
"4199",2019-09-09,3.73,103.825,9,140.43
"4200",2019-09-23,3.73,103.825,9,140.43
