X1,X2,X3,X4,X5,X6,X7,X8,X9,X10,X11,X12,X13,X14,X15,X16,X17,X18,X19,X20,X21,X22,X23,X24,X25,X26,X27,X28,X29,X30,X31,X32,X33,Y
0.098634716,0.193707531,-0.071428811,0.169710545,0.235398499,0.21829494,-0.082629273,-0.081067777,-0.01591694,0.063442476,-0.04198719,-0.032152419,-0.088115953,0.211122812,-0.091219649,-0.087641531,-0.20052743,-0.067390546,-0.080109472,-0.089470025,-0.069688568,-0.016714268,-0.018528588,-0.015995036,-0.031143007,-0.041376105,-0.020097607,-0.022103558,-0.023831758,0.50425069,-0.022652443,-0.039446935,0.297515523,1.658956808
0.096150706,0.252754579,-0.086599759,0.248080981,0.084766533,0.234602859,-0.079862882,-0.081355344,-0.031838933,0.084286714,-0.039049394,-0.041228277,-0.087372646,0.209699473,-0.086980947,-0.085266224,-0.202297117,-0.083870862,-0.088092909,-0.085608291,-0.065909722,-0.00303875,0.339515531,-0.035541106,-0.036756018,-0.021293815,-0.020964074,-0.023242489,0.018955147,-0.012843477,-0.023430537,-0.04125784,0.300249186,0.423706362
0.088872895,0.13680504,-0.067500139,0.163771908,0.403257311,0.229545785,-0.089680338,-0.083036888,-0.030331011,0.003629887,-0.03890782,-0.013726847,-0.085062341,0.261926964,-0.087233073,-0.086145388,-0.200632988,-0.066763313,-0.076026296,-0.081404544,-0.069872939,-0.015856486,-0.030398506,-0.02143122,-0.035498172,-0.032057029,-0.01732984,-0.020957451,-0.025913908,0.029584913,-0.023205774,-0.038399397,0.295029025,0.345117512
0.104217176,0.269325207,-0.082602952,0.32674953,0.141323451,0.197751434,-0.083431094,-0.079189713,-0.032956251,0.243063134,-0.040725351,-0.040766677,-0.085188693,0.195626206,-0.084889703,-0.083647874,-0.204318018,-0.085609368,-0.083062418,-0.089196804,-0.066722386,-0.01755841,-0.027782476,-0.01410584,-0.035149541,-0.04737027,-0.019036029,-0.022790254,-0.02639183,0.573288877,-0.022400055,-0.041229005,-0.036952103,11.26263438
0.106083704,0.271404033,-0.08002463,0.235462979,0.093752528,0.2265896,-0.083639533,-0.085578005,-0.033640249,0.047792916,-0.036312191,-0.039856839,-0.082739445,0.228990114,-0.087334702,-0.085382302,-0.203913477,-0.078026883,-0.084159221,-0.083197953,-0.067151716,-0.016763975,-0.022959347,-0.030981045,-0.037615066,-0.027832328,-0.021330218,0.011321286,-0.024136633,-0.029548601,-0.02338669,-0.040907018,-0.036459002,8.86895224
0.090636751,0.187905006,-0.080552906,0.143748997,0.160212996,0.146621835,-0.084394348,-0.084994166,-0.035578627,0.032521019,-0.042731212,-0.045574447,-0.097235306,0.234562065,-0.09125011,-0.091724595,-0.207380032,-0.090218379,-0.089864712,-0.091568071,-0.072154874,-0.016491765,-0.026033742,-0.026437907,-0.037077707,-0.033285523,-0.021163596,0.008961699,-0.026368981,0.079079151,-0.023494097,-0.040567515,-0.038936294,10.38904024
0.085895191,0.273692736,-0.075928965,0.174849561,0.177508533,0.175992163,-0.083622681,-0.082008641,-0.035682186,0.020767967,-0.035240884,-0.040166412,-0.077340931,0.276140907,-0.083410646,-0.084005151,-0.2053886,-0.086649396,-0.079259582,-0.09006656,-0.069234565,-0.016824031,-0.03330842,-0.007127204,-0.03413742,-0.031021302,0.008655656,0.008743416,-0.027529568,-0.023051982,-0.023248487,-0.038832503,0.298634747,2.272202632
0.095296431,0.165664221,-0.066839375,0.181454134,0.310017921,0.218196221,-0.087384535,-0.085893558,-0.035436842,0.236842084,-0.045322395,-0.034805298,-0.084215341,0.175967486,-0.088609204,-0.088248369,-0.204179335,-0.086691982,-0.077092057,-0.084664835,-0.071382347,-0.017012711,-0.031622292,-0.022555768,-0.037934533,-0.031505162,-0.012397324,-0.021929321,-0.028191691,-0.028969152,-0.023231694,-0.040263646,0.296053853,2.281721671
0.093598803,0.148135797,-0.074867836,0.1396628,0.307252361,0.155111629,-0.088616154,-0.083405915,-0.03581362,0.104279399,-0.050106603,-0.042790229,-0.090586738,0.230424573,-0.090545683,-0.089357213,-0.206691551,-0.084171438,-0.069267495,-0.092327116,-0.071583382,-0.016211956,-0.034324219,-0.026764623,-0.037081998,-0.031649999,-0.021295334,-0.020186754,-0.028528039,-0.028352251,-0.018192968,-0.034991149,0.295568553,1.826044698
0.091440105,0.190467168,-0.071147978,0.220586732,0.361870703,0.18300885,-0.09192146,-0.079654569,-0.035130373,0.02905223,-0.037414237,-0.036330709,-0.079333246,0.261787275,-0.084826798,-0.084209797,-0.205891689,-0.081291034,-0.067640399,-0.088929411,-0.069057523,-0.01573414,-0.027924033,-0.024956968,-0.036866541,-0.03371907,-0.021241358,-0.006005588,-0.02735315,0.016983183,-0.023044727,-0.037422504,-0.04090744,9.090327278
0.084034685,0.194899011,-0.083807006,0.189347975,0.087685893,0.1633283,-0.081961145,-0.083425496,-0.036109922,0.075709757,-0.046908004,-0.022235692,-0.09121307,0.215528191,-0.087571854,-0.087760738,-0.207871007,-0.077785999,-0.079726971,-0.087349068,-0.066678605,-0.01736001,-0.032804118,-0.030513925,-0.02867285,-0.022694159,-0.022432091,0.65124843,-0.027027215,-0.024195767,-0.022660435,-0.035527563,0.298991923,-10.05249579
0.09047371,0.217364115,-0.087203868,0.225464051,0.161555107,0.187225786,-0.08501081,-0.08553776,-0.036399784,0.111168453,-0.052750316,-0.027379625,-0.088102371,0.215421316,-0.087585946,-0.087729819,-0.206255681,-0.081075444,-0.076636251,-0.085860872,-0.069747315,-0.017022482,-0.033686641,-0.029440688,-0.032543359,-0.026549785,-0.020977007,-0.022878133,-0.028245071,-0.029599126,-0.02303066,-0.037611461,-0.038089508,10.9043608
0.097430275,0.216378107,-0.077598014,0.240281362,0.225961127,0.258189396,-0.085281218,-0.083651439,-0.034107774,0.118924627,-0.04468183,-0.022402057,-0.081583078,0.21016252,-0.086434546,-0.084523111,-0.202060841,-0.081468336,-0.069268099,-0.082776938,-0.067430437,-0.01737827,-0.035860576,-0.033091761,0.010983145,0.007996681,-0.022177394,-0.02097665,-0.028287535,-0.029506129,-0.018806547,-0.011159793,0.298653794,2.730875988
0.105764011,0.260960701,-0.080414104,0.264406446,0.1336109,0.25578534,-0.085060435,-0.081668527,-0.034210063,0.082382768,-0.039581685,-0.034929078,-0.081033223,0.22923287,-0.088457715,-0.084321784,-0.201239858,-0.065539085,-0.06988255,-0.08266535,-0.065782006,-0.017645522,-0.035718168,-0.028757856,-0.038034845,-0.03017872,-0.021226875,-0.022194237,-0.028285921,0.036075671,-0.023137063,-0.040855862,-0.036951053,9.256319856
0.09404895,0.209498203,-0.084811917,0.208251891,0.125964436,0.185766202,-0.081525794,-0.079871565,-0.032268682,0.157323115,-0.046227285,-0.020009536,-0.094328578,0.197750158,-0.090422325,-0.088094615,-0.205042049,-0.069107602,-0.074149098,-0.091003118,-0.069382784,-0.017691457,-0.036973649,-0.002674042,-0.035434259,-0.03244443,0.013110079,-0.023147997,-0.028125548,-0.023484388,-0.023134006,-0.040193451,0.299028786,-1.463594092
0.101713463,0.235620003,-0.076288313,0.257018084,0.170757123,0.205433153,-0.086250091,-0.08176561,-0.034043783,0.089316645,-0.050678212,-0.027381474,-0.082384822,0.231326405,-0.090375692,-0.087221327,-0.204281928,-0.078798156,-0.051058283,-0.085473994,-0.06802157,-0.016669389,-0.031736074,-0.004272752,-0.037107427,-0.032443863,0.011503372,-0.022532644,-0.027786584,-0.029230602,-0.02299592,-0.040308393,-0.038050769,9.594233883
0.093507938,0.227663217,-0.086839518,0.194614174,0.117148932,0.177565265,-0.082183849,-0.084837461,-0.024933791,0.169725728,-0.052042553,-0.001516698,-0.092864788,0.041558056,-0.089297872,-0.090188858,-0.205205811,-0.087414058,-0.092733137,-0.089161842,-0.068640492,-0.017536329,-0.034781349,-0.018473537,0.280321849,0.107524388,0.008935148,-0.022700174,-0.028595433,-0.030678329,-0.002803744,0.095505947,-0.036046987,14.65450793
-0.133083823,-0.0554307,-0.08899593,-0.009692596,-0.075052229,-0.05949098,-0.083204185,-0.077443778,0.07100614,-0.036033184,0.11357613,0.121205007,0.130206145,-0.047194764,-0.085998521,-0.090699097,0.037287948,0.214320133,-0.074542739,-0.082311004,-0.107545386,-0.016244982,-0.032894057,-0.03568362,0.042613132,0.051128996,-0.022915463,-0.021643491,-0.028057871,0.014432611,-0.015290475,0.017859929,-0.037231358,9.956134815
-0.123573932,-0.050711799,-0.094468869,-0.040165151,-0.07385851,-0.058612372,-0.085392553,-0.082823241,-0.022719418,-0.070518477,0.081346678,0.1053227,0.122979219,-0.049836154,-0.092053419,-0.090991243,0.030947851,0.209787643,-0.077717398,-0.089279308,-0.102595328,-0.017333962,-0.034582917,-0.024872438,-0.036622835,-0.032121661,-0.019944897,-0.021632314,-0.027524868,-0.028820172,-0.022848219,-0.03955274,-0.037781556,5.570817755
-0.157377006,-0.049430211,-0.086180369,-0.030043042,-0.069405479,-0.045544757,-0.086254032,-0.080021461,0.070083929,-0.100267091,0.174802314,0.121057819,0.129165845,-0.047541945,-0.088280048,-0.088002217,0.078921577,0.121342297,-0.077716796,-0.076310839,-0.098376337,-0.016228021,-0.013833509,-0.019231986,-0.030189124,-0.022414916,-0.005467006,-0.022049772,-0.023584336,-0.028730698,-0.017736861,-0.031328809,-0.036837163,7.053522547
-0.062578637,-0.054852648,-0.093761838,-0.042564901,-0.07529304,-0.070704962,-0.087999955,-0.086874514,-0.027149149,-0.030587631,0.120322387,0.078341711,0.13381553,-0.045663233,-0.089234552,-0.089741179,0.008526908,0.099289461,-0.075120475,-0.091171849,-0.093939234,-0.016389507,-0.018190881,0.43020852,0.207796634,0.534438564,0.740401135,-0.022524757,0.557330578,-0.029762571,0.172486432,0.399311757,-0.037258696,14.3380368
-0.135392478,-0.053843331,-0.090169153,-0.036236376,-0.070990218,-0.067600858,-0.086900438,-0.08322349,0.007340846,-0.073634957,0.149364797,0.152019584,0.102497915,-0.046246518,-0.086373004,-0.085466703,-0.034003955,0.095779856,-0.074076468,-0.088752316,-0.086424345,-0.016456624,0.202685509,-0.019166893,-0.037308437,-0.029112656,-0.022219562,-0.022078613,-0.027763044,-0.012621979,-0.023491054,0.320582982,-0.037612611,3.883850861
-0.14469112,-0.04952258,-0.091841248,-0.043942502,-0.072480393,-0.062788989,-0.083778244,-0.083969436,-0.041633833,-0.138755829,0.119298244,0.104591034,0.129685241,-0.048344727,-0.085835217,-0.088228259,0.005628328,0.095333668,-0.080399831,-0.096157982,-0.095530808,-0.017248642,-0.025319436,-0.028134244,-0.026183146,-0.030268435,-0.021785683,0.002905961,-0.027249982,-0.023297721,-0.023260638,-0.035189379,-0.03692637,7.637807206
-0.147397063,-0.048404173,-0.09120501,-0.045227065,-0.069054002,-0.060469279,-0.084601128,-0.086029281,-0.027460409,-0.044725948,0.133818664,0.150942579,0.121582383,-0.047362259,-0.08832826,-0.088076042,0.014792434,0.10548356,-0.080004,-0.090846845,-0.09017719,-0.017453846,-0.03172513,-0.026317135,-0.03174549,-0.031950321,-0.021507185,-0.022088406,-0.00477839,-0.028864231,-0.023010037,-0.040345803,-0.037285324,7.012602789
-0.057010929,-0.062872587,-0.093621721,0.002749168,-0.077368854,-0.073659083,-0.087001536,-0.084295142,-0.04157873,-0.050044879,0.12713238,0.168934555,0.122919513,-0.045464988,-0.087696129,-0.085748723,0.06519322,0.108404921,-0.076932101,-0.092855078,-0.110478902,-0.016890549,-0.014491812,-0.02466932,-0.034325899,-0.032095909,-0.022108524,-0.018213469,-0.02816774,-0.027629148,-0.018647474,0.159061531,-0.037051797,6.070944407
-0.114519708,-0.05218798,-0.095022596,-0.031464427,-0.072257171,-0.063502584,-0.085472863,-0.082635429,-0.008082747,-0.002862718,0.096921434,0.137560822,0.132689134,-0.046650959,-0.091283261,-0.088872006,0.09364786,0.144196967,-0.078079101,-0.086712673,-0.111491641,-0.017473672,-0.026976952,-0.019472313,-0.035031762,-0.034426238,-0.020789199,-0.022449279,-0.027163702,0.04172396,-0.022539619,0.010134083,-0.037739621,7.421762682
-0.146822348,-0.04853894,-0.089530572,-0.040253083,-0.067817759,-0.057003874,-0.087805014,-0.085663685,-0.008326039,-0.040504293,0.168953386,0.074216283,0.121958621,-0.048160741,-0.085214502,-0.086947815,0.038939999,0.221489442,-0.073905804,-0.080947941,-0.108368432,-0.016760817,-0.034149011,-0.025505883,-0.035772636,-0.033352468,-0.021141838,-0.021028652,0.0058939,-0.028301747,-0.022880192,0.169599163,-0.037751368,5.738272592
-0.123948331,-0.055648415,-0.089620683,-0.037125753,-0.075680282,-0.074907584,-0.085094194,-0.093080471,-0.003441573,-0.026165551,0.126603265,0.074124447,0.129523007,-0.04668089,-0.086688605,-0.089640937,0.009223047,0.055581925,-0.082239106,-0.086315496,-0.091495457,-0.01738501,-0.033241697,-0.027675164,-0.036944252,-0.03172249,-0.020742503,-0.023156834,-0.028329631,-0.028885997,0.010209862,-0.039830955,-0.03727585,7.071594312
-0.109793504,-0.05628882,-0.091920586,-0.034513921,-0.075645453,-0.071406103,-0.082602392,-0.0896402,0.00189854,-0.033904729,0.117206635,0.13668337,0.117369256,-0.046443942,-0.087595235,-0.088920182,0.033079986,0.08199604,-0.080851273,-0.085707076,-0.102181271,-0.017237091,-0.034921142,-0.026747793,-0.03690265,-0.031999477,-0.016757564,-0.022993475,-0.024909718,-0.028650101,-0.022698393,-0.040879536,-0.037285588,8.306595095
-0.104007421,-0.055280805,-0.090506929,-0.038004123,-0.075093761,-0.076939099,-0.08401081,-0.083906251,-0.017676348,0.023670415,0.127873792,0.089666667,0.127564351,-0.04679336,-0.085584757,-0.085039042,-0.015595967,0.101512656,-0.082555342,-0.094527321,-0.093660718,-0.017258633,-0.031987225,-0.007502296,-0.03678313,-0.033905922,-0.021001451,-0.02279506,0.02471115,-0.028454965,-0.023144559,-0.0115427,-0.037649063,4.488001436
-0.119525323,-0.049353492,-0.088883813,-0.03354104,-0.071949412,-0.071941111,-0.08506696,-0.079972761,0.070216857,0.031032383,0.128340631,0.166938466,0.142653638,-0.045592274,-0.085100203,-0.084442459,-0.013729813,0.105309943,-0.079550811,-0.084539197,-0.080948,-0.016218274,-0.032828406,-0.021588366,-0.035007038,-0.030946256,-0.021323145,-0.02224347,-0.02620484,-0.028539622,-0.023409308,0.013661679,-0.037574914,4.724114538
-0.088761014,-0.050478982,-0.088793827,-0.026931801,-0.074637831,-0.074177069,-0.088251883,-0.086187254,0.079543957,0.031094819,0.140702023,0.13695029,0.156558213,-0.045883187,-0.088459989,-0.081368683,0.039448186,0.105812026,-0.080096053,-0.08263952,-0.085913112,-0.01685289,-0.0340715,-0.027882685,-0.03633091,-0.024035008,-0.021356128,-0.022425894,-0.027415947,-0.028814926,-0.022097135,-0.039645218,-0.03748119,6.729618484
-0.116868792,-0.052157244,-0.089378679,-0.037865443,-0.072880139,-0.067802073,-0.085139853,-0.087312962,0.005793397,0.170049009,0.145922686,0.135502613,0.125489136,-0.046143389,-0.087254351,-0.085973832,0.005350913,0.181769034,-0.079611426,-0.081117158,-0.093206032,-0.011629102,-0.035630512,-0.025107412,-0.035252276,-0.035396726,0.003233687,-0.021322495,-0.023773305,-0.025383154,-0.022578374,-0.03971948,-0.038614404,4.454672754
-0.083565501,-0.061376141,-0.087375467,-0.022286383,-0.088287281,-0.085172299,-0.082966515,-0.082994059,-0.037000256,-0.135311223,0.108565644,0.104095711,0.10709442,-0.048039947,-0.087382455,-0.087999435,-0.067061018,0.174843219,-0.080752451,-0.086033558,-0.091271823,-0.017069796,-0.036883957,-0.030152429,-0.0359076,-0.023918148,-0.015678598,-0.022335394,-0.025843621,-0.029540455,-0.022330794,-0.039124107,-0.037072719,2.894356487
-0.081585265,-0.050770608,-0.085346504,-0.044397209,-0.081956003,-0.082656424,-0.081668591,-0.08453857,0.114484951,-0.125316452,0.10284057,0.15252057,0.131822238,-0.048052634,-0.086262674,-0.087428228,-0.000530775,0.130964457,-0.079456764,-0.075955576,-0.095890039,-0.016906518,-0.036964883,-0.02931178,-0.029497991,-0.025427615,-0.022625944,-0.00093228,-0.02753543,-0.029163732,-0.023123575,-0.039870605,-0.03710049,4.449582566
-0.143336861,-0.057016767,-0.088356211,0.003992228,-0.071713402,-0.060854207,-0.083134723,-0.083035657,-0.007697371,0.009379741,0.129790414,0.150767764,0.139361879,-0.045337518,-0.082937047,-0.086400107,-0.000121605,0.142351389,-0.078054816,-0.085701141,-0.094974335,-0.017207796,-0.031226836,-0.032698747,-0.033168217,0.009167771,-0.021921949,-0.014986708,-0.027704408,-0.030364244,-0.018623034,-0.040292993,-0.037180305,6.250872771
-0.123584953,-0.052391723,-0.094968953,-0.039911781,-0.077527773,-0.062708502,-0.082888934,-0.080190059,0.309387408,-0.043004144,0.126384093,0.123817798,0.124082754,-0.046939666,-0.088614385,-0.091778836,0.120844321,0.094247151,-0.078296933,-0.059158836,-0.105160253,0.012091859,-0.034222808,-0.025821678,0.013304061,-0.03184289,-0.021650911,-0.02281591,-0.027875404,-0.01344114,-0.023931201,-0.040575854,-0.037067092,7.757735423
-0.129165924,-0.054680865,-0.092433397,-0.026036225,-0.076838068,-0.068076931,-0.084145285,-0.089334561,0.035355384,-2.29E-05,0.084839642,0.105624458,0.139833575,-0.046113376,-0.087517314,-0.090357088,0.016866287,0.118535382,-0.080393596,-0.082037243,-0.094452365,-0.008555154,-0.031347205,-0.001279438,-0.037184244,-0.034243757,-0.020836106,-0.022748895,-0.027477319,-0.023230508,-0.022839854,-0.039141465,-0.037597411,7.26990188
-0.151098788,-0.053152572,-0.092389186,-0.032920181,-0.069330556,-0.056272848,-0.084323665,-0.085311666,0.020916509,0.05709903,0.137796083,0.136505729,0.125588568,-0.045822768,-0.087960905,-0.089589224,0.061819866,0.098706294,-0.079976394,-0.084535293,-0.099509754,-0.017553352,-0.034080033,-0.000440324,-0.035027367,-0.035868503,-0.02035155,-0.022683957,-0.027325329,-0.010442665,-0.023168294,-0.040702589,-0.037663877,8.001201875
-0.150414647,-0.053104793,-0.092164929,-0.027233175,-0.07180612,-0.056061502,-0.082042547,-0.090729063,-0.026929604,0.013539503,0.106330573,0.150081807,0.127045463,-0.045344433,-0.086836995,-0.088203701,-0.040770645,0.106166728,-0.0789369,-0.084545287,-0.084260573,-0.016504569,-0.014524245,-0.018105972,-0.036882915,0.157527468,-0.022983741,-0.022555953,-0.028276357,0.588619924,-0.000829943,-0.036827324,-0.03731903,4.766581342
-0.153087905,-0.05059951,-0.090085965,-0.036644221,-0.071251209,-0.05211964,-0.080814811,-0.082995119,0.089495373,0.128299779,0.141610676,0.16649605,0.137106359,-0.042287518,-0.082018439,-0.086708683,-0.006308746,0.167607526,-0.080172055,-0.07757793,-0.089340333,0.056128017,-0.016900171,-0.029076891,0.311689631,0.032606608,0.011909139,-0.021578035,-0.027904837,-0.025668336,-0.014129634,-0.039154851,-0.037570395,12.293857
-0.147271794,-0.054476765,-0.094955387,-0.035411303,-0.066559626,-0.055829576,-0.081940398,-0.08527371,0.025956526,0.139338926,0.120798654,0.089738709,0.12850396,-0.047848562,-0.085401096,-0.08715526,-0.009242197,0.113290112,-0.081700379,-0.091325965,-0.090797271,-0.01770777,0.326499161,-0.029200186,0.054700938,-0.030113309,0.012646939,-0.0225424,-0.028871667,-0.029550094,-0.022938981,-0.03733439,-0.038844,6.620148637
-0.153241418,-0.05155794,-0.093228105,-0.023329086,-0.067325915,-0.049225187,-0.084015188,-0.080156487,0.001229318,0.103937968,0.145955625,0.089774381,0.143936782,-0.046655735,-0.083533035,-0.085428168,0.066739672,0.176903161,-0.078321528,-0.078899604,-0.111339667,-0.017416861,-0.029352123,-0.0137841,-0.036979004,-0.021271754,0.011234851,-0.021043379,-0.028296864,-0.023236737,-0.020724536,-0.038369565,-0.03816083,6.281997114
-0.143204446,-0.052858274,-0.095232588,-0.050515618,-0.06889658,-0.057805812,-0.085096174,-0.084001887,-0.011743898,0.322435029,0.13358738,0.093978513,0.122825181,-0.044337698,-0.089431828,-0.084641217,-0.047696763,0.151644341,-0.069429215,-0.088732615,-0.090225099,-0.016509475,-0.025695273,0.444766332,-0.031194999,0.544511262,-0.022282806,0.045784296,-0.029334907,-0.032723924,0.065385798,-0.012102098,-0.038862022,-2.053753245
-0.152332882,-0.057542865,-0.094170499,-0.02931515,-0.072412544,-0.059502638,-0.08434359,-0.08481164,0.103326372,0.137862116,0.096288072,0.07463309,0.130229808,-0.043985674,-0.088106169,-0.091666739,0.0055933,0.118491575,-0.08255555,-0.07946006,-0.08560526,-0.017700132,-0.023866388,-5.22E-05,0.074409184,-0.037526154,-0.017434712,-0.022877729,-0.027736531,-0.028043342,-0.022646815,-0.041192624,-0.038079247,9.913721731
-0.151273052,-0.055749897,-0.093542077,-0.027063117,-0.070752153,-0.057182851,-0.083904302,-0.088979813,0.050044982,0.195660733,0.110358132,0.167574557,0.123498163,-0.043930357,-0.090335627,-0.089131056,0.057626941,0.093718302,-0.079799068,-0.083261071,-0.096022391,-0.017693244,-0.022748389,-0.024560876,-0.037996096,-0.03436425,-0.004811234,-0.023079878,-0.027728147,-0.028769558,-0.023221218,-0.040508798,-0.03831457,4.281812397
-0.125673604,-0.053218437,-0.088284046,-0.024864178,-0.075637617,-0.065402656,-0.081718721,-0.087656686,0.185831403,0.189929151,0.144195209,0.164165936,0.126297709,-0.046901718,-0.083959608,-0.084876027,-0.005086975,0.148716686,-0.081800909,-0.073587457,-0.087067255,-0.018046593,-0.030728764,-0.018706057,-0.034053553,-0.043318932,0.646353895,0.012180991,-0.02871953,-0.021344374,-0.021666744,-0.042340102,-0.039599666,7.422713031
-0.126946475,-0.055372258,-0.092891248,-0.029902156,-0.074449087,-0.064089642,-0.08643535,-0.09039229,0.845546366,0.026104205,0.118609472,0.077961763,0.125579942,-0.046841835,-0.087798957,-0.086391253,-0.023108225,0.125367482,-0.074914664,-0.025348255,-0.048835731,-0.016638798,-0.032289519,-0.033232498,0.014896005,-0.019056244,-0.022854334,0.009940737,-0.024391822,-0.030122174,-0.023117821,0.085807537,-0.037390541,5.205062285
-0.113796397,-0.047564964,-0.091442016,-0.0436336,-0.075025383,-0.061574932,-0.080318838,-0.083163562,0.079113827,0.162897913,0.14284858,0.152731293,0.145066951,-0.04547155,-0.081534497,-0.086600493,0.024510411,0.128166949,-0.086587058,-0.082182132,-0.088992973,-0.017872449,-0.034895411,-0.017026097,-0.034148401,-0.039374108,-0.020649746,0.009486005,0.548253393,-0.027444046,-0.022969658,0.003895733,-0.037409593,5.076521806
-0.12489152,-0.052796377,-0.093912626,-0.043248198,-0.07296561,-0.059842194,-0.080740066,-0.084614854,-0.037932798,0.110631723,0.129127809,0.14890247,0.118336349,-0.045834791,-0.088043344,-0.088794863,0.049344252,0.139143742,-0.078850443,-0.087581677,-0.104926946,-0.016816601,-0.03164085,-0.020076702,-0.034857589,-0.040124769,-0.019609434,-0.022244005,-0.027355394,-0.027772271,0.673031831,-0.040683539,-0.038500114,16.9123258
-0.130077015,-0.052118046,-0.087260152,-0.022556576,-0.076573519,-0.06127824,-0.083246939,-0.089440588,0.059915562,0.079152253,0.114892534,0.105116226,0.137405437,-0.048559747,-0.085105827,-0.085903318,-0.024566314,0.104757823,-0.084376437,-0.084054331,-0.080324224,-0.017422172,-0.032709261,-0.028152496,-0.035796179,-0.03123919,-0.021174826,-0.020482761,-0.026389248,-0.029081054,0.013130604,-0.032878458,0.29946969,-3.482914189
-0.142804279,-0.057881607,-0.083974569,-0.037263212,-0.067852016,-0.065364292,-0.090508438,-0.089357329,0.016357336,0.290569356,0.121488754,0.07674861,0.123206832,-0.040943223,-0.087232834,-0.089175908,0.037339411,0.03814557,-0.072958442,-0.089968972,-0.10316176,-0.015702731,-0.034225219,-0.023235047,-0.03767316,-0.036384821,-0.018900566,-0.003134209,-0.029326198,-0.028190492,-0.023138039,0.501118479,-0.038948224,4.936521966
-0.119795907,-0.051144336,-0.089815256,-0.028256913,-0.062799296,-0.061725583,-0.084508167,-0.086094831,0.050324836,0.087736348,0.105729345,0.09367557,0.116261035,-0.050016534,-0.086664773,-0.086018775,0.055925081,0.056049978,-0.079401461,-0.085235719,-0.099726579,-0.016932851,-0.036058924,-0.003345043,-0.036755103,-0.035116587,-0.020176175,0.72518256,-0.027981063,-0.027554352,-0.014038319,-0.039260244,-0.03856184,-3.52226917
0.067448943,-0.045709784,0.129772627,-0.06520829,-0.017043989,-0.053991272,0.146676436,0.214303922,-0.040457873,-0.081072711,-0.103545767,-0.104922805,-0.088072149,-0.058124456,0.108465081,0.125082575,0.078875411,-0.082058026,0.139871358,0.221653849,0.154316275,-0.010671182,-0.035689665,-0.02155754,-0.037325215,-0.031072451,-0.021077461,-0.013378922,-0.028125337,-0.029089633,-0.016334152,-0.039324899,-0.037886832,-8.651622749
0.035862835,-0.047431112,0.113500278,-0.064213174,-0.017916437,-0.033588275,0.138472491,0.212885721,-0.040241175,-0.082753264,-0.103896109,-0.106205007,-0.090120985,-0.058198778,0.106514731,0.13125008,0.081959778,-0.081692752,0.124533832,0.210542961,0.147955299,-0.017005535,-0.035855353,-0.027021046,-0.035116936,-0.029042178,-0.021097366,-0.021907551,-0.027741695,-0.025955633,-0.023210315,-0.039806054,-0.037651203,-7.959002588
0.131314386,-0.046876726,0.138058627,-0.069756141,-0.022127406,-0.080390884,0.182289708,0.11639078,-0.040118368,-0.08021961,-0.104047726,-0.106208139,-0.089957599,-0.059791828,0.126389447,0.128491943,0.07273152,-0.09029649,0.056332684,0.120722968,0.156410353,-0.018200479,-0.031827127,-0.02662178,-0.03582035,-0.033346156,-0.021026643,-0.022896353,0.037156384,-0.028652652,-0.023295573,-0.041725361,-0.036961058,-5.013158145
0.078953742,-0.049827128,0.136632137,-0.068643819,-0.016942228,-0.060981621,0.110318318,0.094336971,-0.038959537,-0.080891851,-0.104930126,-0.107962612,-0.088976701,-0.055508143,0.123581415,0.129190137,0.076525142,-0.089112303,0.159560129,0.097900389,0.112517258,-0.016806113,-0.032308033,-0.03021198,-0.036033383,-0.022579827,-0.021119658,-0.00198478,-0.027824609,-0.029619157,-0.023484806,-0.03978056,-0.038254467,-4.648539474
0.104937477,-0.049362046,0.099812143,-0.070680933,-0.015566344,-0.021691331,0.067806297,0.092253195,-0.03846915,-0.083898586,-0.103763175,-0.108581379,-0.087992321,-0.055039727,0.128893232,0.139846285,0.079691643,-0.088433282,0.193349598,0.090170152,0.086705668,0.011876117,-0.020383118,-0.030782118,-0.038664766,-0.023317337,-0.021386884,-0.022467445,-0.026624258,-0.029621653,-0.023584248,-0.037668545,-0.038715866,-2.160642787
0.075215841,-0.048566616,0.129836784,-0.068758405,-0.017742242,-0.039910896,0.111119506,0.092885736,-0.038538507,-0.087220965,-0.104622659,-0.10798814,-0.088550673,-0.056651502,0.124642633,0.132068198,0.07716259,-0.089198398,0.160229598,0.095405056,0.104346889,-0.005077046,-0.032631432,-0.034171217,-0.029628417,0.012349727,-0.021519501,0.002793334,0.033243737,-0.009419273,-0.02368318,-0.024062781,-0.038003817,-2.572964161
0.090523367,-0.046441034,0.123265756,-0.069724086,-0.016144447,-0.081798412,0.118500959,0.10789575,-0.038396103,-0.083649626,-0.104849606,-0.10791246,-0.0888465,-0.052171596,0.12935425,0.131097478,0.073550799,-0.090483716,0.158616006,0.096955852,0.109407834,-0.016552041,-0.012619964,-0.028930517,-0.034621882,-0.03030694,-0.021039875,-0.022226615,-0.027825521,-0.025605321,-0.023476736,-0.037744893,-0.038314458,-0.726238887
0.081105347,-0.044280888,0.118984519,-0.068950528,-0.020438076,-0.039845678,0.175038491,0.105967514,-0.040419715,-0.083111646,-0.104955257,-0.107135012,-0.088587222,-0.056254022,0.136755145,0.130111866,0.078047365,-0.08776297,0.073335696,0.113713873,0.150651192,-0.016645861,-0.032092719,-0.000623602,0.014073832,-0.036090586,-0.019886557,-0.008814867,-0.0258443,-0.028032189,0.012627696,-0.039662985,-0.037004213,-2.802882611
0.054702598,-0.046335474,0.128535891,-0.06575748,-0.029243024,0.045210636,0.20588859,0.14812734,-0.041342114,-0.083595157,-0.105594936,-0.106822614,-0.085213713,-0.058082632,0.125655193,0.137238696,0.082048383,-0.083674256,-0.102401838,0.150427262,0.167926709,-0.02006292,-0.031956777,0.000678123,-0.034173639,-0.040447589,-0.020205097,-0.021844495,-0.022128355,-0.026349006,0.010963308,0.169398892,-0.035151682,-6.623723708
0.121776922,-0.04903593,0.120297434,-0.065779204,-0.019734603,-0.051107947,0.14186807,0.220628189,-0.038601537,-0.087739088,-0.10048539,-0.103167985,-0.086852886,-0.05445471,0.137488037,0.119010814,0.076272163,-0.083005807,0.159679955,0.218100217,0.168356919,-0.015325072,-0.03132896,-0.030532075,-0.039952416,0.172103802,-0.023435476,-0.021815735,-0.027870181,0.009337184,0.008084105,-0.039243805,-0.037662537,-10.27348011
0.083777078,-0.050482139,0.130511893,-0.069799308,-0.018738364,-0.102136033,0.114241276,0.049627617,-0.038023329,-0.082833066,-0.105563173,-0.109484682,-0.092077705,-0.054727965,0.133380028,0.130814404,0.070056106,-0.095272414,0.129555469,0.05351571,0.105211257,-0.011071359,-0.035851058,-0.039880159,-0.039662201,0.046339858,-0.02143973,-0.023044065,-0.029222684,-0.0306828,-0.024127654,-0.039948277,-0.037884798,-2.665812746
0.071176022,-0.050104042,0.116203518,-0.067857985,-0.020247359,-0.000984616,0.142344828,0.080870273,-0.039444821,-0.084014906,-0.103975198,-0.108217144,-0.088749533,-0.051642417,0.130937187,0.133565113,0.080029006,-0.088401634,0.121445867,0.086693732,0.120930673,-0.018233662,-0.036919692,-0.021394616,0.256518412,-0.036741564,-0.016287661,-0.022093831,-0.02681217,-0.027741639,-0.020662331,-0.039312743,-0.037043346,3.449660991
0.082983517,-0.051628282,0.129115894,-0.067750991,-0.01824327,0.020707558,0.090938652,0.103016229,-0.039193674,-0.083182324,-0.103377642,-0.108286267,-0.085654495,-0.054874941,0.134708157,0.126855072,0.080650172,-0.085608574,0.157802772,0.100693103,0.109372717,-0.017039469,-0.036231384,-0.017126178,0.081899779,-0.023817042,-0.02125533,-0.022063293,-0.028442944,-0.028835462,-0.008679284,-0.039084666,-0.037881334,0.699673507
0.086374939,-0.04674492,0.139166291,-0.065323488,-0.017909967,-0.076617784,0.093113571,0.106797332,-0.039288895,-0.08396797,-0.104567911,-0.106534664,-0.08584879,-0.055431346,0.133431284,0.129634963,0.075417551,-0.090731026,0.070328065,0.104030948,0.112115812,-0.016863716,-0.032330705,0.456591243,-0.036491501,0.419252735,-0.021479757,-0.022539823,-0.027458452,-0.029170134,0.689516309,-0.035826494,-0.037308229,3.094021718
0.103098787,-0.0480028,0.154363442,-0.066973792,-0.012527637,-0.04701231,0.149759888,0.111177392,-0.044600799,-0.076441942,-0.103417436,-0.103910842,-0.089065273,-0.050815444,0.136553142,0.126405505,0.088535169,-0.087196658,0.016597293,0.113050395,0.137211347,0.021104497,-0.04281714,0.596621051,-0.012393652,-0.122482617,-0.013890666,-0.022164462,-0.021234404,-0.014307983,-0.019301672,-0.037487335,-0.037473864,-8.144376355
0.102071362,-0.047053752,0.125928079,-0.066402177,-0.014266369,-0.097025268,0.108330073,0.180550662,-0.040037328,-0.082611639,-0.101982279,-0.105690287,-0.08682154,-0.049860405,0.136148724,0.121180436,0.076596997,-0.086961679,0.170232277,0.180455907,0.143352896,-0.005001687,-0.034081051,-0.021614994,0.188153472,-0.035562117,0.0037909,-0.022267323,-0.02769905,-0.003780448,-0.023211804,-0.010615575,-0.038115568,-0.829176774
0.060269832,-0.049572474,0.094964767,-0.065747858,-0.01252125,-0.037335388,0.037491315,0.177841044,-0.03931373,-0.08585989,-0.102705141,-0.108332008,-0.087123789,-0.053392656,0.139400605,0.130546561,0.081408617,-0.08386454,0.192292488,0.173530433,0.110908865,-0.015295246,-0.03532649,-0.02756605,-0.036704343,-0.029234491,-0.013414396,-0.022001969,-0.029527957,-0.021428257,-0.021845412,-0.038811401,-0.038772016,-2.343954526
0.057487259,-0.045513709,0.128172106,-0.067344665,-0.017322571,0.00282614,0.107650776,0.13538692,-0.038935471,-0.085550906,-0.104448813,-0.107632909,-0.08556312,-0.056396235,0.130827595,0.124710005,0.080843115,-0.084252601,0.158877969,0.130745304,0.122155397,-0.016995535,-0.020509937,-0.029636546,-0.037191063,-0.02465515,-0.021063707,-0.021933042,-0.028867016,-0.029678696,0.005068546,-0.039029676,-0.038034455,-5.354934012
0.086386215,-0.044904842,0.143337057,-0.067738212,-0.016989522,-0.058108733,0.103971843,0.144319068,-0.038800461,-0.085186935,-0.103664506,-0.106550196,-0.085874601,-0.053381536,0.131822908,0.121457986,0.076227331,-0.08767127,0.159464379,0.139038425,0.127302517,-0.016408329,-0.026597998,-0.030974332,-0.039523772,0.010868466,-0.02042261,-0.02251683,-0.029440545,-0.030326626,-0.023665546,-0.038732583,-0.038168906,-5.990316551
0.081922221,-0.047368503,0.131311868,-0.069253056,-0.02987104,0.002060522,0.234417387,0.101363071,-0.040061807,-0.08399399,-0.107610879,-0.107230862,-0.088772432,-0.060542652,0.116259734,0.136868478,0.075543741,-0.089082715,-0.085886528,0.092685525,0.158067029,-0.021108885,0.066699188,-0.02622145,-0.034081195,-0.034521345,0.044040398,-0.022866381,-0.024944059,-0.027918059,-0.017950284,0.15392236,-0.035622891,-5.01699357
0.042182802,-0.047116767,0.137735396,-0.066753617,-0.015987808,-0.059816863,0.1223846,0.120573989,-0.038624002,-0.085252081,-0.105875478,-0.107952072,-0.088388005,-0.052071311,0.124473574,0.124885299,0.076380718,-0.087434898,0.160205238,0.115125825,0.120098766,-0.016712872,-0.037283196,-0.028887542,-0.037601893,-0.028084537,-0.021020825,-0.022619463,-0.028547701,-0.029600583,-0.022843928,0.013600644,-0.038131064,-3.310141559
0.094069303,-0.046255517,0.130730095,-0.069735885,-0.018306531,-0.081869282,0.165391611,0.099530385,-0.03859783,-0.083026549,-0.105440376,-0.107280712,-0.089772209,-0.051919629,0.129358917,0.128065954,0.072926833,-0.090486128,0.140449105,0.092382144,0.133497991,-0.017373137,-0.032923555,-0.028796317,-0.034961465,-0.029907165,-0.020964092,-0.022847528,-0.027403276,-0.029299525,-0.023091219,-0.040458779,-0.037865755,-4.520969999
0.062529979,-0.046096615,0.126110762,-0.069026608,-0.013760117,-0.061894575,0.059494922,0.102072833,-0.039277236,-0.087387746,-0.103976365,-0.10955017,-0.087913093,-0.051689582,0.133581383,0.131723586,0.078123417,-0.089672129,0.160651973,0.106263655,0.097182553,0.025289669,-0.03590522,-0.012521418,-0.037004781,-0.03416769,-0.016213423,-0.02271715,-0.028066801,0.076798003,-0.023246639,-0.033169835,-0.038526954,-2.677902489
0.099276525,-0.041708268,0.135425359,-0.070555365,-0.012366406,-0.091664838,0.096074806,0.163703006,-0.039864923,-0.084221859,-0.10575021,-0.105001516,-0.083514612,-0.05206718,0.131787669,0.123527296,0.076224738,-0.085226973,0.160171417,0.171111043,0.132226743,0.024864079,0.567437871,-0.028402249,-0.03211258,-0.023685882,-0.020484377,-0.02197155,-0.025615706,-0.009016863,-0.02289848,0.023015512,-0.039647561,-4.291686544
0.076970333,-0.051761962,0.128741096,-0.06667732,-0.017514466,-0.036793252,0.10061864,0.112498991,-0.039282326,-0.08437749,-0.105048516,-0.106962657,-0.091900633,-0.052101901,0.116438327,0.128714009,0.077282912,-0.085526011,0.153766644,0.11461944,0.102515088,0.022305216,0.210848013,-0.026881968,-0.033793695,-0.031769584,-0.021134291,-0.022272966,0.547315676,-0.022522693,-0.022783005,-0.040300972,-0.037906323,-3.069802793
0.103368915,-0.049428769,0.150008523,-0.065791949,-0.025843843,0.047007862,0.176432853,0.180166418,-0.040769244,-0.087878262,-0.101971042,-0.104958865,-0.083476493,-0.05562503,0.128278747,0.122954664,0.080895761,-0.081225698,0.023395827,0.180333104,0.168894207,-0.01926045,-0.034347796,-0.026121045,0.013670527,-0.032273505,-0.020950422,-0.020811189,-0.025566404,-0.02836299,-0.018394136,-0.040284256,-0.036325105,-6.272945879
0.08920311,-0.048503441,0.127697845,-0.067756471,-0.011838234,-0.078284667,0.051974802,0.147614439,-0.039579243,-0.083664639,-0.102943733,-0.107458231,-0.084976554,-0.049821822,0.123634573,0.132588999,0.075989988,-0.085729338,0.177738685,0.15319806,0.10409741,-0.01515456,-0.017127259,-0.028621599,-0.039133814,-0.027939252,-0.020683773,0.111064089,-0.028823463,-0.029792563,-0.023619051,-0.008502855,-0.038976456,-4.078639414
0.054605809,-0.050205135,0.123071569,-0.065832545,-0.020274918,-0.099127204,0.111662864,0.117577216,-0.039785415,-0.084133787,-0.10501657,-0.109251872,-0.092406189,-0.053935357,0.13750014,0.128462515,0.073230693,-0.091715888,0.060194629,0.112884815,0.124549748,0.004985866,-0.036625203,-0.028374582,-0.035269124,-0.016258491,-0.020619926,-0.023174445,0.108690655,-0.029271717,-0.02348499,-0.040366746,-0.037133507,-4.741654093
0.068854595,-0.046720342,0.125503665,-0.067464939,-0.0181915,0.012584544,0.154241452,0.099273268,-0.039124522,-0.083787713,-0.104271052,-0.107595162,-0.08743795,-0.052982032,0.123095772,0.127382734,0.076939126,-0.087364695,0.073646366,0.096689122,0.128795813,0.985932138,-0.031519323,-0.03007818,-0.038251459,-0.027838567,-0.017144883,-0.022377455,-0.028375276,-0.029644735,-0.023353812,-0.039139531,-0.037728152,-13.33386082
0.103127918,-0.049534182,0.136336133,-0.066855103,-0.019687627,0.023406846,0.09958358,0.154929407,-0.039475001,-0.084552681,-0.101651318,-0.10637186,-0.083944689,-0.048519236,0.115973796,0.130215627,0.080661891,-0.082751502,0.142287762,0.149203611,0.118082356,-0.017303491,-0.035027895,-0.023827443,0.220155964,-0.02887431,-0.021657438,-0.021969495,-0.027806088,-0.028342974,0.004283378,-0.039105805,-0.037547271,0.79653755
0.07334918,-0.052343862,0.127426362,-0.066160463,-0.018590959,-0.019164093,0.083233819,0.123390895,-0.03937063,-0.086839915,-0.103325216,-0.108268262,-0.088667159,-0.05402798,0.13006977,0.127424952,0.079229805,-0.085778803,0.124792989,0.123683628,0.111012186,0.024712171,-0.018753627,-0.00058432,0.024566921,-0.032345693,-0.020853719,-0.021903245,0.110177002,-0.028448948,-0.022395435,-0.040209846,-0.037696277,-2.869453319
0.104811658,-0.046788535,0.154468202,-0.068184017,-0.027226327,0.002544806,0.1339426,0.126474543,-0.040139276,-0.084515492,-0.102939748,-0.108435817,-0.085844402,-0.059515757,0.12902992,0.128355493,0.075012867,-0.088860077,-0.053268049,0.12499326,0.13883773,0.020723855,-0.024881896,-0.006588879,-0.035423407,0.002618474,-0.020906521,-0.02233822,-0.026904472,-0.001896889,-0.023188338,-0.042193458,-0.036045843,-7.276786482
0.08474351,-0.043821395,0.116251961,-0.069024542,-0.012657875,-0.039731293,0.147621172,0.133789113,-0.039399927,-0.084774161,-0.108372529,-0.104501877,-0.081957968,-0.05111798,0.129108258,0.124560582,0.076995696,-0.081885166,0.166503444,0.139883557,0.141943003,0.023321109,0.067360396,-0.002561015,-0.026414157,-0.034364397,0.002177348,-0.021825111,-0.027750011,-0.003700607,-0.018194097,0.510049863,-0.038453937,-7.170139301
0.071629258,-0.05238971,0.132342957,-0.06693331,-0.017093006,-0.077695471,0.087137124,0.105812484,-0.03961002,-0.08204607,-0.103925224,-0.107833095,-0.088175085,-0.050478961,0.126549668,0.130641252,0.077569178,-0.089817359,0.133158952,0.104191048,0.104441998,-0.017425551,0.516284158,-0.017553768,0.722908339,-0.041491119,-0.013670956,-0.022593746,0.069852659,-0.002557037,-0.0230276,-0.035841047,-0.037779521,16.84523332
0.077779639,-0.051646993,0.1206234,-0.070874948,-0.02161196,0.123993515,0.146526385,0.041638666,-0.037719131,-0.085158461,-0.106219105,-0.108246465,-0.084438151,-0.059801219,0.143534417,0.125970865,0.084109667,-0.081620783,0.142710275,0.029546478,0.114295676,-0.017044063,0.13349846,-0.033837703,-0.039087706,-0.023738766,-0.02077929,-0.021226488,0.0149561,-0.028437681,-0.022775406,0.009151578,-0.03766665,-3.024985116
0.050809324,-0.052303531,0.105942661,-0.068553365,-0.026132337,0.128513537,0.163233214,0.047423844,-0.035535696,-0.089576361,-0.104825334,-0.10727199,-0.089504762,-0.056940805,0.130480867,0.126975069,0.079656722,-0.083498998,0.167940414,0.051958267,0.116963875,0.000132102,-0.029428068,-0.049423693,-0.043648274,0.285882621,-0.025188708,-0.021804251,-0.028447329,-0.031163414,-0.02505209,-0.040867646,-0.03686117,-4.24557849
