MarketDate,High,Low,MarketPrice,Safcom,SCB
1/2/2015,14.55,14.05,14.150,0,0
1/5/2015,14.30,14.00,14.050,-0.007092228,-0.002998503
1/6/2015,14.10,13.80,13.900,-0.010733556,0.005988042
1/7/2015,14.00,13.80,13.900,0,0.011869576
1/8/2015,13.90,13.60,13.750,-0.010850016,-0.002954212
1/9/2015,13.85,13.00,13.750,0,-0.002962965
1/12/2015,14.05,13.75,13.850,0.007246409,0.008862687
1/13/2015,15.00,14.00,14.700,0.059562261,-0.005899722
1/14/2015,15.00,14.20,14.850,0.010152371,-0.002962965
1/15/2015,14.85,14.50,14.600,-0.016978337,0.005917177
1/16/2015,14.90,14.50,14.850,0.016978337,-0.002954212
1/19/2015,14.85,14.35,14.550,-0.020408872,-0.005934736
1/20/2015,14.50,13.90,13.950,-0.042111485,0
1/21/2015,14.85,14.10,14.200,0.017762456,0
1/22/2015,14.50,14.10,14.200,0,0
1/23/2015,14.30,14.10,14.150,-0.003527341,0.014771317
1/26/2015,14.20,14.00,14.000,-0.010657294,-0.008836582
1/27/2015,14.20,14.00,14.100,0.007117468,0.008836582
1/28/2015,14.30,14.10,14.150,0.003539827,0.00292826
1/29/2015,14.20,14.10,14.100,-0.003539827,-0.00881063
1/30/2015,14.25,14.10,14.150,0.003539827,0.00588237
2/2/2015,14.30,14.10,14.250,0.007042283,-0.00588237
2/3/2015,14.50,14.20,14.300,0.003502631,0.00294551
2/4/2015,14.75,14.30,14.450,0.010434877,0
2/5/2015,14.75,14.45,14.550,0.006896579,0
2/6/2015,14.70,14.45,14.550,0,0.00293686
2/9/2015,15.00,14.50,14.800,0.017036187,0
2/10/2015,14.95,14.50,14.800,0,0
2/11/2015,14.95,14.60,14.850,0.003372684,0.017442303
2/12/2015,14.90,14.50,14.750,-0.006756782,-0.008683123
2/13/2015,14.95,14.85,14.850,0.006756782,0.00290276
2/16/2015,14.95,14.80,14.850,0,-0.00290276
2/17/2015,14.90,14.80,14.850,0,0.008683123
2/18/2015,15.10,14.85,14.950,0.006711435,0
2/19/2015,15.30,15.00,15.150,0.013289232,0.0028777
2/20/2015,15.50,15.15,15.350,0.013114942,0.002869442
2/23/2015,15.70,15.35,15.450,0.006493529,-0.002869442
2/24/2015,15.95,15.55,15.700,0.016051709,0.005730675
2/25/2015,16.00,15.70,15.900,0.012658397,0
2/26/2015,16.00,15.60,15.750,-0.009478744,0
2/27/2015,15.90,15.75,15.800,0.003169575,0.011363759
3/2/2015,16.00,15.25,15.650,-0.009539023,-0.005665738
3/3/2015,15.65,15.30,15.400,-0.016103408,0
3/4/2015,16.00,15.35,15.450,0.003241494,0
3/5/2015,15.80,15.55,15.700,0.016051709,0
3/6/2015,15.95,15.60,15.800,0.006349228,0
3/9/2015,15.80,15.40,15.550,-0.015949301,0.005665738
3/11/2015,16.00,15.75,15.850,0.019108862,0
3/12/2015,16.00,15.80,15.950,0.006289329,0
3/13/2015,16.00,15.50,15.800,-0.009448889,0.002820876
3/16/2015,15.80,15.60,15.650,-0.009539023,-0.002820876
3/17/2015,15.75,15.00,15.600,-0.003200003,-0.005665738
3/18/2015,15.90,15.65,15.750,0.009569451,-0.005698021
3/19/2015,15.95,15.75,15.900,0.009478744,-0.002861232
3/20/2015,15.95,15.80,15.850,-0.003149609,-0.029071815
3/23/2015,16.00,15.85,15.900,0.003149609,-0.023881732
3/24/2015,16.10,15.95,16.000,0.006269613,0.0443204
3/25/2015,16.25,16.00,16.100,0.00623055,-0.011628038
3/26/2015,17.00,16.10,16.450,0.021506205,-0.005865119
3/27/2015,17.50,16.50,16.600,0.009077218,-0.008862687
3/30/2015,16.95,16.50,16.700,0.006006024,0.023461487
3/31/2015,17.40,16.80,17.050,0.020741484,-0.00290276
4/1/2015,17.40,16.80,17.000,-0.00293686,0.00290276
4/2/2015,17.05,15.85,16.600,-0.023810649,-0.020498522
4/7/2015,16.60,15.75,15.900,-0.043083586,-0.005934736
4/8/2015,16.20,15.85,15.950,0.00313972,0
4/9/2015,16.50,16.15,16.350,0.024769068,0.008888947
4/10/2015,16.35,15.75,15.900,-0.027908788,0.00881063
4/13/2015,16.35,15.90,16.000,0.006269613,-0.00292826
4/14/2015,16.35,16.00,16.100,0.00623055,0.00292826
4/15/2015,16.50,16.05,16.300,0.012345836,0.014514043
4/16/2015,17.00,16.35,16.750,0.02723315,-0.005780363
4/17/2015,17.50,16.65,17.200,0.026511126,0
4/20/2015,17.40,17.00,17.250,0.00290276,-0.00290276
4/21/2015,17.40,17.05,17.200,-0.00290276,0
4/22/2015,17.20,17.00,17.050,-0.00875918,0
4/23/2015,17.40,17.05,17.200,0.00875918,0.00290276
4/24/2015,17.40,17.15,17.300,0.005797118,0.005780363
4/27/2015,17.30,17.05,17.100,-0.011628038,0
4/28/2015,17.40,17.00,17.200,0.00583092,-0.002886005
4/29/2015,17.50,17.20,17.300,0.005797118,0.005763705
4/30/2015,17.50,17.30,17.400,0.005763705,-0.011560822
5/4/2015,17.50,17.35,17.450,0.002869442,-0.069200534
5/5/2015,17.65,17.40,17.500,0.002861232,0.024616628
5/6/2015,17.90,17.50,17.550,0.002853069,0.009077218
5/7/2015,17.70,16.95,17.150,-0.023055776,-0.030583423
5/8/2015,17.55,16.95,17.050,-0.00584797,-0.00623055
5/11/2015,17.15,16.75,16.900,-0.008836582,0
5/12/2015,16.90,16.25,16.650,-0.014903406,0
5/13/2015,16.50,15.85,16.100,-0.033590944,0
5/14/2015,16.45,16.20,16.350,0.015408625,-0.022117805
5/15/2015,16.50,16.20,16.350,0,0.022117805
5/18/2015,16.70,16.35,16.500,0.009132484,-0.048009219
5/19/2015,16.75,16.50,16.600,0.006042314,0.044879326
5/20/2015,16.70,16.35,16.450,-0.009077218,0.003129893
5/21/2015,16.55,16.25,16.300,-0.009160369,0
5/22/2015,16.30,16.10,16.200,-0.006153866,0
5/25/2015,16.30,15.95,16.000,-0.01242252,-0.041473248
5/27/2015,15.60,15.00,15.200,-0.051293294,0.006493529
5/28/2015,15.70,15.20,15.550,0.022765211,-0.009756175
5/29/2015,16.80,15.60,15.850,0.019108862,-0.013158085
6/2/2015,16.90,15.85,16.500,0.040190881,-0.044000329
6/3/2015,16.70,16.05,16.400,-0.006079046,-0.04965559
6/4/2015,16.70,16.00,16.450,0.003044142,0.03220314
6/5/2015,16.65,16.10,16.350,-0.00609758,-0.017762456
6/8/2015,16.35,15.90,16.100,-0.015408625,0
6/9/2015,16.30,16.00,16.050,-0.003110422,0
6/10/2015,16.10,16.00,16.050,0,0.021277398
6/11/2015,16.05,16.00,16.050,0,0.041242959
6/12/2015,16.25,16.05,16.050,0,0.003361348
6/15/2015,16.15,16.05,16.100,0.003110422,-0.01011813
6/16/2015,16.25,16.00,16.100,0,-0.003395589
6/17/2015,16.20,16.00,16.050,-0.003110422,0.013513719
6/18/2015,16.10,16.00,16.050,0,0.003350087
6/19/2015,16.10,16.05,16.050,0,0.003338901
6/22/2015,16.70,15.90,16.350,0.018519048,0
6/23/2015,16.10,15.90,16.000,-0.021639175,0.00332779
6/24/2015,16.20,16.05,16.050,0.003120127,0.009917437
6/25/2015,16.20,16.00,16.100,0.003110422,0.003284075
6/26/2015,16.20,16.05,16.100,0,0.006535971
6/29/2015,16.40,16.10,16.300,0.012345836,-0.01642073
6/30/2015,16.60,16.30,16.450,0.009160369,-0.013333531
7/1/2015,16.60,16.45,16.500,0.003034904,-0.003361348
7/2/2015,16.55,16.30,16.450,-0.003034904,0.016694879
7/3/2015,16.50,16.30,16.350,-0.00609758,0.006600684
7/6/2015,16.50,16.20,16.350,0,0.013072082
7/7/2015,16.90,16.20,16.350,0,0.025642431
7/8/2015,16.60,15.90,16.150,-0.012307848,-0.015949301
7/10/2015,16.10,15.90,16.000,-0.009331327,0.037859411
7/13/2015,16.10,15.85,15.850,-0.009419222,-0.009331327
7/14/2015,16.00,15.10,15.750,-0.006329135,-0.025317808
7/15/2015,16.50,15.10,15.700,-0.003179653,-0.003210276
7/16/2015,15.75,15.20,15.250,-0.029081209,-0.022765211
7/17/2015,15.30,15.15,15.150,-0.006578971,-0.003294896
7/20/2015,15.45,15.10,15.300,0.009852296,0
7/21/2015,16.00,15.25,15.500,0.012987196,-0.003305788
7/22/2015,15.75,15.30,15.550,0.003220615,-0.006644543
7/23/2015,16.00,15.25,15.450,-0.006451635,-0.006688988
7/24/2015,15.50,15.15,15.300,-0.009756175,-0.01011813
7/27/2015,15.50,15.15,15.450,0.009756175,-0.030983546
7/28/2015,15.50,15.30,15.450,0,-0.007017573
7/29/2015,15.40,15.10,15.200,-0.016313575,-0.003527341
7/30/2015,15.25,14.90,14.950,-0.016584128,-0.021429391
7/31/2015,15.00,14.05,14.400,-0.037483093,-0.025595547
8/3/2015,14.50,14.10,14.150,-0.017513582,-0.022472856
8/4/2015,14.20,14.00,14.000,-0.010657294,0.003780723
8/5/2015,14.15,13.60,13.950,-0.003577821,0
8/6/2015,14.25,13.70,13.900,-0.003590668,0.022388995
8/7/2015,14.95,13.95,14.550,0.045702153,0.014652277
8/10/2015,15.50,14.70,15.350,0.05352448,0.0286758
8/11/2015,15.85,15.40,15.500,0.00972455,-0.010657294
8/12/2015,15.75,15.50,15.600,0.00643089,0
8/13/2015,15.60,15.30,15.450,-0.009661911,0
8/14/2015,15.50,15.00,15.000,-0.029558802,0
8/17/2015,15.10,14.65,14.900,-0.006688988,0.038533664
8/18/2015,15.00,14.70,14.850,-0.003361348,-0.042111485
8/19/2015,15.20,14.90,15.000,0.010050336,-0.018083675
8/20/2015,15.40,15.05,15.100,0.006644543,-0.029631798
8/21/2015,15.10,14.90,15.000,-0.006644543,-0.034420224
8/24/2015,15.00,13.95,14.350,-0.044300259,-0.00389864
8/25/2015,14.35,13.90,13.950,-0.028270434,-0.048009219
8/26/2015,13.95,12.80,13.450,-0.036500402,-0.012371292
8/27/2015,14.50,12.60,13.500,0.003710579,-0.020965128
8/28/2015,14.50,13.90,14.150,0.047024939,-0.004246291
8/31/2015,15.00,14.00,14.400,0.017513582,-0.008547061
9/1/2015,14.80,14.50,14.600,0.013793322,-0.012959145
9/2/2015,15.10,14.30,14.600,0,-0.013129291
9/4/2015,,,14.850,0.016978337,0.030371098
9/7/2015,14.85,14.50,14.600,-0.016978337,0.037740328
9/8/2015,14.75,14.50,14.600,0,0
9/9/2015,14.70,14.00,14.400,-0.013793322,-0.00826451
9/10/2015,14.60,14.05,14.400,0,0.020534602
9/11/2015,14.65,14.40,14.550,0.010362787,0
9/14/2015,14.90,14.55,14.700,0.0102565,-0.004073325
9/15/2015,15.40,14.65,15.150,0.030153038,-0.004089985
9/16/2015,15.20,14.80,14.950,-0.013289232,-0.016529302
9/17/2015,15.10,14.70,15.000,0.003338901,-0.004175371
9/18/2015,14.95,14.55,14.750,-0.016807118,-0.025425098
9/21/2015,15.20,14.50,14.900,0.01011813,-0.004301082
9/22/2015,15.20,14.60,15.000,0.006688988,-0.021787354
9/23/2015,15.20,15.00,15.100,0.006644543,0.008771986
9/25/2015,15.30,15.05,15.150,0.003305788,-0.022075952
9/28/2015,15.25,15.10,15.200,0.003294896,0.00445435
9/29/2015,15.25,14.80,15.150,-0.003294896,0.013245227
9/30/2015,15.25,15.00,15.200,0.003294896,0.013072082
10/1/2015,15.15,14.65,14.950,-0.016584128,-0.004338402
10/2/2015,14.95,14.20,14.450,-0.034016885,-0.013129291
10/5/2015,14.75,14.30,14.650,0.013745921,0.013129291
10/6/2015,14.75,14.55,14.650,0,0.008658063
10/7/2015,14.75,14.60,14.650,0,-0.021787354
10/8/2015,14.80,14.55,14.700,0.003407158,-0.004415018
10/9/2015,15.00,14.70,14.800,0.006779687,-0.022372298
10/12/2015,15.05,14.60,14.950,0.010084119,-0.013667639
10/13/2015,15.15,14.70,15.000,0.003338901,-0.056618894
10/14/2015,15.00,14.20,14.700,-0.020202707,-0.029558802
10/15/2015,15.00,14.20,14.400,-0.020619287,-0.025317808
10/16/2015,14.75,14.20,14.550,0.010362787,0.045120435
10/19/2015,14.75,14.20,14.750,0.013652089,-0.004914015
10/21/2015,14.75,14.20,15.000,0.016807118,-0.009901071
10/22/2015,15.10,14.75,14.950,-0.003338901,0
10/23/2015,15.10,14.75,14.950,0,0
10/26/2015,14.95,14.50,14.500,-0.03056265,0.009901071
10/27/2015,14.65,14.50,14.500,0,-0.004938282
10/29/2015,14.60,14.25,14.400,-0.006920443,-0.009950331
10/30/2015,14.60,14.25,14.350,-0.003478264,0
11/2/2015,14.50,14.25,14.350,0,0.004987542
11/3/2015,14.50,14.00,14.450,0.006944472,0.004962789
11/4/2015,14.50,14.05,14.300,-0.010434877,0.004938282
11/5/2015,15.10,14.35,14.950,0.044451763,0.029128273
11/6/2015,15.10,14.35,14.950,0,-0.004796172
11/9/2015,15.25,14.95,15.050,0.006666691,0
11/10/2015,15.75,15.05,15.450,0.026231012,-0.004819286
11/11/2015,16.00,15.45,15.850,0.025560497,0.009615459
11/12/2015,16.20,15.50,16.050,0.012539349,0.018957914
11/13/2015,16.50,15.85,16.000,-0.003120127,0.009345862
11/16/2015,16.15,16.05,16.050,0.003120127,0
11/17/2015,16.30,16.05,16.150,0.0062112,0.027524673
11/18/2015,16.50,16.10,16.250,0.006172859,-0.018265348
11/19/2015,16.60,16.20,16.500,0.015267472,0.013730193
11/20/2015,16.95,16.50,16.650,0.009049836,0.004535155
11/23/2015,16.95,16.35,16.750,0.005988042,0.00900907
11/24/2015,16.50,16.00,16.250,-0.030305349,0
11/25/2015,16.50,15.50,16.050,-0.012384059,-0.00449439
11/27/2015,16.10,14.50,15.350,-0.044593376,0.00449439
11/30/2015,15.90,15.30,15.550,0.012945165,-0.084161792
12/1/2015,15.75,15.50,15.650,0.006410278,0.061485084
12/2/2015,16.20,15.55,15.850,0.012698583,-0.042160811
12/3/2015,16.00,15.60,15.700,-0.009508788,-0.004796172
12/4/2015,15.85,15.50,15.550,-0.009600074,0
12/7/2015,15.95,15.60,15.700,0.009600074,-0.004819286
12/8/2015,16.00,15.70,15.950,0.015798117,-0.024451096
12/9/2015,16.25,15.75,16.100,0.009360443,0.004938282
12/10/2015,16.25,15.95,16.150,0.003100778,0.004914015
12/11/2015,16.40,16.00,16.250,0.006172859,-0.019802627
12/14/2015,16.65,16.00,16.400,0.009188426,0.004987542
12/15/2015,16.50,16.30,16.400,0,0
12/16/2015,16.90,16.20,16.700,0.018127385,0.014815086
12/17/2015,16.70,15.90,16.600,-0.006006024,-0.009852296
12/18/2015,16.80,16.30,16.700,0.006006024,0.024451096
12/21/2015,16.90,16.50,16.700,0,-0.004842624
12/22/2015,16.80,15.80,16.700,0,-0.024571261
12/23/2015,16.50,15.85,16.100,-0.036589447,0.004962789
12/24/2015,16.20,15.75,15.900,-0.012500163,0
12/28/2015,16.00,15.90,15.900,0,0
12/29/2015,16.30,15.90,16.100,0.012500163,0
12/30/2015,16.50,16.00,16.250,0.009273637,0.004938282
12/31/2015,16.50,16.30,16.300,0.003072199,-0.004938282
1/4/2016,16.70,16.05,16.350,0.00306279,-0.035268139
1/5/2016,16.55,16.20,16.350,0,0.04020642
1/6/2016,16.75,16.40,16.600,0.015174798,-0.004938282
1/7/2016,16.70,16.50,16.500,-0.006042314,0.004938282
1/8/2016,16.50,16.20,16.400,-0.006079046,0.004914015
1/11/2016,16.40,16.00,16.250,-0.009188426,0
1/12/2016,16.10,15.90,16.000,-0.015504187,0.019418086
1/13/2016,16.20,15.85,16.100,0.00623055,-0.004819286
1/14/2016,16.15,16.00,16.050,-0.003110422,-0.009708814
1/15/2016,16.15,16.00,16.100,0.003110422,-0.004889985
1/18/2016,16.20,16.10,16.100,0,-0.009852296
1/19/2016,16.20,15.90,16.100,0,-0.020000667
1/20/2016,16.00,15.45,15.750,-0.021978907,0.015037877
1/21/2016,15.75,15.00,15.250,-0.032260862,0
1/22/2016,15.40,15.00,15.100,-0.009884759,-0.020101179
1/25/2016,15.40,15.05,15.250,0.009884759,-0.01020417
1/26/2016,15.35,15.25,15.250,0,-0.025975486
1/27/2016,15.30,15.10,15.150,-0.006578971,0
1/28/2016,15.25,15.10,15.150,0,0.005249356
1/29/2016,15.30,15.15,15.150,0,0.010416761
2/1/2016,16.10,15.10,15.550,0.026060107,0
2/2/2016,16.50,15.50,16.000,0.028528084,0
2/3/2016,17.00,15.70,16.700,0.042819997,0.01030937
2/4/2016,16.50,15.65,16.250,-0.027315811,-0.0051414
2/5/2016,16.50,16.00,16.200,-0.003081667,-0.020834087
2/8/2016,16.20,15.90,16.150,-0.003091193,0.005249356
2/9/2016,16.10,15.60,16.000,-0.009331327,0
2/10/2016,16.00,15.55,15.750,-0.015748357,0
2/11/2016,16.00,15.55,15.650,-0.006369448,0.005221944
2/12/2016,15.95,15.65,15.800,0.009539023,0
2/15/2016,15.95,15.70,15.750,-0.003169575,-0.005221944
2/16/2016,15.85,15.50,15.700,-0.003179653,0
2/17/2016,15.65,15.50,15.550,-0.009600074,0.005221944
2/18/2016,15.85,15.50,15.600,0.003210276,0
2/19/2016,16.00,15.60,15.850,0.015898586,0
2/22/2016,15.90,15.60,15.700,-0.009508788,-0.005221944
2/23/2016,16.00,15.65,15.950,0.015798117,0
2/24/2016,16.15,15.75,16.000,0.003129893,0.005221944
2/25/2016,16.20,16.00,16.050,0.003120127,0
2/26/2016,16.45,16.00,16.100,0.003110422,0.030771659
2/29/2016,16.50,16.05,16.200,0.00619197,-0.020408872
3/1/2016,16.30,16.10,16.150,-0.003091193,0.0102565
3/2/2016,16.65,16.15,16.550,0.024466052,-0.005115101
3/3/2016,17.25,16.20,16.900,0.02092752,0
3/4/2016,17.05,16.30,17.000,0.005899722,0.015267472
3/7/2016,17.05,16.20,17.000,0,0
3/8/2016,16.70,16.40,16.500,-0.029852963,0
3/9/2016,16.50,16.35,16.450,-0.003034904,0
3/10/2016,16.45,16.15,16.250,-0.012232568,0
3/11/2016,16.40,16.20,16.300,0.003072199,0
3/14/2016,16.55,16.30,16.450,0.009160369,0.044451763
3/15/2016,16.50,16.30,16.350,-0.00609758,0.009615459
3/16/2016,16.60,16.30,16.400,0.003053437,-0.014458083
3/17/2016,16.60,16.30,16.500,0.006079046,-0.029558802
3/18/2016,16.60,16.40,16.500,0,0.014888612
3/21/2016,16.50,16.30,16.450,-0.003034904,0.019512814
3/22/2016,17.00,16.40,16.750,0.018072781,0.004819286
3/23/2016,17.00,16.65,16.850,0.005952399,0.004796172
3/24/2016,17.00,16.75,16.900,0.002962965,0.037563102
3/29/2016,16.90,16.70,16.800,-0.005934736,0.031748698
3/30/2016,16.85,16.70,16.700,-0.005970167,0.008888947
3/31/2016,17.00,16.60,16.900,0.011904903,0.004415018
4/4/2016,16.90,16.70,16.800,-0.005934736,0.017467693
4/5/2016,16.80,16.75,16.800,0,0.062913825
4/6/2016,16.90,16.75,16.750,-0.002980628,0.032002731
4/7/2016,16.80,16.75,16.750,0,0
4/8/2016,16.80,16.70,16.750,0,-0.011881328
4/11/2016,16.80,16.65,16.700,-0.002989539,-0.012024193
4/12/2016,16.75,16.65,16.700,0,0.00402415
4/13/2016,16.80,16.70,16.750,0.002989539,-0.00402415
4/14/2016,17.10,16.75,16.950,0.011869576,0.00402415
4/15/2016,17.30,16.80,17.100,0.00881063,0
4/18/2016,17.30,17.10,17.200,0.00583092,0.004008021
4/19/2016,17.35,17.20,17.300,0.005797118,0.003992021
4/20/2016,17.85,17.25,17.450,0.008633147,0.003976148
4/21/2016,17.85,17.25,17.400,-0.002869442,-0.003976148
4/25/2016,17.00,16.85,16.950,-0.026202372,-0.003992021
4/26/2016,17.00,16.85,16.950,0,-0.114289146
4/27/2016,17.10,16.85,16.950,0,-0.093965792
4/28/2016,17.15,16.90,17.100,0.00881063,-0.060932551
4/29/2016,17.15,17.00,17.100,0,0.015584731
5/3/2016,17.10,16.90,16.950,-0.00881063,-0.00516797
5/4/2016,17.00,16.80,16.900,-0.002954212,0.035627178
5/5/2016,17.00,16.80,16.900,0,0
5/6/2016,17.10,16.75,16.900,0,-0.005012542
5/9/2016,16.95,16.60,16.900,0,0
5/10/2016,17.00,16.90,16.950,0.002954212,0.014962873
5/11/2016,17.20,17.00,17.100,0.00881063,0.034066555
5/12/2016,17.45,17.10,17.250,0.00873368,-0.034066555
5/13/2016,17.45,17.25,17.300,0.002894358,-0.009950331
5/16/2016,17.40,17.30,17.350,0.002886005,-0.005012542
5/17/2016,17.35,17.00,17.150,-0.011594333,-0.010101096
5/18/2016,17.30,17.05,17.150,0,0
5/19/2016,17.40,17.25,17.300,0.008708328,0.015113638
5/20/2016,17.40,17.15,17.350,0.002886005,0.024692613
5/23/2016,17.30,17.10,17.200,-0.008683123,0.009708814
5/24/2016,17.45,17.10,17.350,0.008683123,-0.009708814
5/25/2016,17.45,17.15,17.250,-0.005780363,-0.050010421
5/26/2016,17.30,17.00,17.250,0,0.030305349
5/27/2016,17.25,17.05,17.100,-0.00873368,0.034233172
5/30/2016,17.20,17.05,17.050,-0.00292826,-0.004819286
5/31/2016,17.10,16.90,17.000,-0.00293686,0
6/2/2016,17.10,16.90,17.000,0,0.009615459
6/3/2016,17.00,16.90,16.950,-0.00294551,0.014252023
6/6/2016,17.25,16.90,17.150,0.01173034,0
6/7/2016,17.60,17.20,17.500,0.020202707,-0.004728141
6/8/2016,18.05,17.30,17.900,0.022599832,-0.014320054
6/9/2016,18.40,17.90,18.250,0.019364367,0.009569451
6/10/2016,18.35,18.10,18.250,0,0
6/13/2016,18.30,18.00,18.150,-0.005494519,0.004750603
6/14/2016,18.25,18.00,18.100,-0.002758622,-0.004750603
6/15/2016,18.35,18.05,18.300,0.010989122,0.009478744
6/16/2016,19.00,18.20,18.600,0.016260521,0.014051753
6/17/2016,18.80,18.10,18.700,0.005361943,-0.004662013
6/20/2016,18.90,18.30,18.700,0,0.004662013
6/21/2016,18.75,18.30,18.400,-0.016172859,0.009259325
6/22/2016,18.35,17.65,18.050,-0.01920498,0.009174376
6/23/2016,18.40,17.60,17.900,-0.008344972,-0.013793322
6/24/2016,17.85,17.25,17.450,-0.025461064,0
6/27/2016,17.85,17.15,17.300,-0.008633147,-0.009302393
6/28/2016,17.45,17.00,17.150,-0.008708328,-0.028437935
6/29/2016,17.70,16.90,17.100,-0.00291971,-0.014528101
6/30/2016,18.00,17.50,17.750,0.037307052,-0.004889985
7/1/2016,17.60,17.50,17.550,-0.011331566,-0.045120435
7/4/2016,17.55,17.25,17.450,-0.005714301,0.045120435
7/5/2016,17.50,17.30,17.350,-0.005747142,-0.009852296
7/6/2016,17.60,17.15,17.550,0.011461444,0.004938282
7/8/2016,17.75,17.35,17.550,0,0.004914015
7/11/2016,17.75,17.30,17.450,-0.005714301,0.004889985
7/12/2016,17.50,17.05,17.300,-0.008633147,0
7/13/2016,17.40,17.20,17.350,0.002886005,0
7/15/2016,17.40,17.30,17.350,0,0.061485084
7/18/2016,17.35,17.10,17.250,-0.005780363,-0.037387532
7/19/2016,17.95,17.25,17.650,0.02292364,-0.014388737
7/20/2016,18.30,17.10,18.000,0.019635975,0.009615459
7/21/2016,18.20,18.00,18.100,0.00554018,0.004773279
7/22/2016,18.10,18.00,18.050,-0.002766253,-0.009569451
7/25/2016,18.30,18.00,18.100,0.002766253,0
7/26/2016,19.20,18.40,18.850,0.040600976,-0.004819286
7/27/2016,19.00,18.55,18.850,0,-0.009708814
7/28/2016,19.05,18.80,18.900,0.002649008,0
7/29/2016,19.20,18.90,19.050,0.00790518,0.014528101
8/1/2016,19.55,19.00,19.400,0.018205964,0.004796172
8/2/2016,21.00,19.50,20.000,0.030459207,0
8/3/2016,20.75,20.25,20.250,0.01242252,-0.004796172
8/4/2016,20.25,19.40,19.650,-0.030077455,0.004796172
8/5/2016,20.00,19.50,19.800,0.007604599,0
8/8/2016,19.80,19.55,19.700,-0.005063302,0
8/9/2016,20.00,19.65,19.750,0.002534856,0
8/10/2016,20.00,19.80,19.900,0.00756624,-0.009615459
8/11/2016,20.00,19.75,19.900,0,0
8/12/2016,20.25,19.90,20.000,0.005012542,0.009615459
8/15/2016,20.50,20.00,20.250,0.01242252,-0.004796172
8/16/2016,21.50,20.25,21.000,0.036367644,-0.009661911
8/17/2016,21.75,21.00,21.250,0.011834458,0.009661911
8/18/2016,21.50,21.00,21.250,0,0
8/19/2016,21.50,20.50,21.250,0,0
8/22/2016,21.25,20.50,20.750,-0.023810649,0
8/23/2016,21.50,20.75,21.250,0.023810649,-0.009661911
8/24/2016,21.75,21.00,21.250,0,0
8/25/2016,21.50,19.15,20.000,-0.060624622,0.004842624
8/26/2016,19.85,19.50,19.650,-0.017654935,-0.014598799
8/29/2016,20.25,19.75,20.000,0.017654935,-0.071095922
8/30/2016,20.25,19.80,20.000,0,0
8/31/2016,20.50,20.00,20.000,0,0
9/1/2016,20.50,19.90,20.000,0,0.005249356
9/2/2016,20.25,19.85,19.950,-0.00250313,-0.005249356
9/5/2016,19.00,18.00,18.400,-0.080878479,0.005249356
9/6/2016,19.00,18.50,18.850,0.024162249,0.041031397
9/7/2016,19.10,18.80,19.000,0.007926065,-0.010101096
9/8/2016,19.05,18.90,19.000,0,-0.030930301
9/9/2016,19.50,18.95,19.000,0,0
9/13/2016,19.30,18.65,19.000,0,-0.005249356
9/14/2016,19.00,18.70,18.900,-0.005277057,-0.059638266
9/15/2016,19.00,18.75,18.900,0,0.038360868
9/16/2016,19.00,18.75,18.900,0,0.016000341
9/19/2016,19.20,18.90,19.000,0.005277057,0
9/20/2016,19.30,19.05,19.150,0.007863736,-0.032260862
9/21/2016,19.40,19.00,19.350,0.010389704,-0.010989122
9/22/2016,19.50,19.00,19.400,0.002580647,0
9/23/2016,19.55,19.20,19.400,0,0.021858794
9/26/2016,19.70,19.20,19.500,0.0051414,0.005390849
9/27/2016,19.80,19.55,19.700,0.01020417,-0.005390849
9/28/2016,20.00,19.20,19.950,0.012610508,-0.027398974
9/29/2016,19.95,19.20,19.850,-0.005025136,-0.028170877
9/30/2016,20.00,19.70,19.950,0.005025136,0.039220713
10/3/2016,20.50,19.70,20.000,0.00250313,-0.011049836
10/4/2016,20.25,20.00,20.000,0,0
10/5/2016,20.25,19.95,20.000,0,0
10/6/2016,20.25,19.90,19.950,-0.00250313,0
10/7/2016,20.50,19.95,20.250,0.01492565,0
10/10/2016,20.50,20.00,20.250,0,0.021978907
10/11/2016,20.75,19.95,20.000,-0.01242252,-0.021978907
10/12/2016,20.00,19.50,19.900,-0.005012542,0
10/13/2016,20.25,19.75,19.950,0.002509412,0.00554018
10/14/2016,20.25,19.85,19.950,0,0
10/17/2016,20.00,19.80,19.850,-0.005025136,-0.00554018
10/18/2016,19.85,19.70,19.750,-0.005050516,-0.011173301
10/19/2016,19.80,19.55,19.700,-0.002534856,0.033152207
10/21/2016,19.85,19.65,19.700,0,0.005420067
10/24/2016,20.25,19.70,20.000,0.015113638,-0.005420067
10/25/2016,20.25,19.80,20.000,0,0.005420067
10/26/2016,20.25,19.95,20.000,0,0
10/27/2016,20.00,19.90,19.950,-0.00250313,0.010752792
10/28/2016,20.00,19.80,19.900,-0.002509412,0.015915455
10/31/2016,19.95,19.75,19.850,-0.002515725,0
11/1/2016,21.25,19.75,20.250,0.019950786,0.005249356
11/2/2016,21.00,20.00,20.750,0.024391453,0.005221944
11/3/2016,21.50,20.75,21.250,0.023810649,-0.048009219
11/4/2016,21.75,20.75,21.250,0,0
11/7/2016,21.50,21.00,21.000,-0.011834458,0.042787275
11/8/2016,21.00,20.50,20.750,-0.011976191,-0.010526413
11/9/2016,20.75,19.65,20.250,-0.024391453,0
11/10/2016,21.00,20.25,20.750,0.024391453,-0.005305052
11/11/2016,21.00,20.50,20.750,0,0.005305052
11/14/2016,21.00,20.25,20.250,-0.024391453,-0.02139119
11/15/2016,20.75,20.00,20.250,0,0
11/16/2016,21.00,20.00,20.500,0.012270093,-0.005420067
11/17/2016,21.50,20.25,20.500,0,0.026811257
11/18/2016,20.75,20.00,20.000,-0.024692613,-0.02139119
11/21/2016,20.25,19.90,20.000,0,0.02139119
11/22/2016,20.25,19.95,19.950,-0.00250313,-0.02139119
11/23/2016,20.25,19.95,20.000,0.00250313,0.02139119
11/24/2016,20.25,19.90,19.950,-0.00250313,0.005277057
11/25/2016,20.00,19.80,19.900,-0.002509412,0
11/28/2016,19.95,19.70,19.850,-0.002515725,0.005249356
11/29/2016,19.95,19.70,19.850,0,-0.021164811
11/30/2016,20.00,19.85,19.900,0.002515725,0.015915455
12/1/2016,20.25,19.90,20.000,0.005012542,-0.005277057
12/2/2016,20.25,19.90,19.950,-0.00250313,0.020943174
12/5/2016,20.00,19.85,19.900,-0.002509412,-0.015666117
12/6/2016,19.95,19.75,19.800,-0.005037794,0
12/7/2016,19.85,19.65,19.700,-0.005063302,-0.005277057
12/8/2016,19.70,18.95,19.350,-0.017926216,0
12/9/2016,20.00,18.90,19.000,-0.01825344,0.005277057
12/13/2016,19.00,18.80,18.900,-0.005277057,-0.005277057
12/14/2016,19.50,18.50,18.900,0,-0.005305052
12/15/2016,19.00,18.65,18.750,-0.00796817,0
12/16/2016,18.90,18.60,18.750,0,-0.010695289
12/19/2016,19.30,18.60,19.000,0.013245227,-0.005390849
12/20/2016,19.20,18.80,19.000,0,0.016086138
12/21/2016,19.15,18.90,19.000,0,0.015831465
12/22/2016,19.50,19.00,19.450,0.023408091,-0.010526413
12/23/2016,19.60,19.10,19.500,0.002567396,-0.032260862
12/28/2016,19.70,19.10,19.250,-0.012903405,0
12/29/2016,19.50,19.00,19.050,-0.010443959,0.016260521
12/30/2016,19.20,19.00,19.150,0.005235614,0.016000341
1/3/2017,19.20,18.90,19.000,-0.007863736,0
1/4/2017,19.05,18.90,19.000,0,-0.005305052
1/5/2017,19.00,18.60,18.800,-0.010582109,0.010582109
1/6/2017,19.00,18.50,18.600,-0.010695289,-0.015915455
1/9/2017,18.80,18.45,18.500,-0.005390849,-0.021622464
1/10/2017,18.60,17.80,18.200,-0.016349138,0.010869672
1/11/2017,18.50,17.95,18.000,-0.011049836,-0.027398974
1/12/2017,18.00,17.85,17.950,-0.002781643,0.011049836
1/13/2017,18.00,17.85,17.950,0,0.005479466
1/16/2017,18.00,17.85,17.950,0,-0.016529302
1/17/2017,18.00,17.90,17.950,0,-0.005571045
1/18/2017,18.30,17.85,18.050,0.00555557,0
1/19/2017,18.30,18.10,18.150,0.005524876,-0.011236073
1/20/2017,18.30,18.10,18.150,0,-0.040351296
1/23/2017,18.30,18.05,18.200,0.002751033,-0.017804625
1/24/2017,19.00,18.15,18.200,0,0.005970167
1/25/2017,18.25,18.15,18.200,0,0
1/26/2017,18.35,18.15,18.250,0.002743486,-0.018018506
1/27/2017,18.50,18.20,18.400,0.008185585,0.012048339
1/30/2017,18.50,18.25,18.350,-0.00272109,0
1/31/2017,18.60,18.30,18.500,0.008141158,-0.012048339
2/1/2017,18.70,18.40,18.550,0.002699057,0
2/2/2017,19.00,18.55,18.550,0,0.023953241
2/3/2017,19.00,18.55,18.650,0.005376357,-0.005934736
2/6/2017,19.20,18.65,18.900,0.013315776,0.011834458
2/7/2017,19.00,18.30,18.650,-0.013315776,0
2/8/2017,18.70,18.10,18.400,-0.013495481,0.01169604
2/9/2017,18.55,18.05,18.450,0.002713706,0
2/10/2017,18.55,18.35,18.500,0.002706362,0.005797118
2/13/2017,18.50,18.30,18.400,-0.005420067,0.011494379
2/14/2017,18.50,18.15,18.300,-0.005449605,0.016997576
2/15/2017,18.30,18.15,18.250,-0.00273598,-0.005633818
2/16/2017,18.40,18.00,18.200,-0.002743486,-0.005665738
2/17/2017,18.25,18.00,18.050,-0.008275909,0.033522692
2/20/2017,18.10,17.90,18.000,-0.002773927,0.037740328
2/21/2017,18.05,17.95,18.000,0,0.010526413
2/22/2017,18.50,17.95,18.000,0,0.041031397
2/23/2017,18.40,17.95,18.000,0,0.019901154
2/24/2017,18.15,17.95,18.100,0.00554018,-0.004938282
2/27/2017,18.50,17.70,17.850,-0.01390843,0.009852296
2/28/2017,18.00,17.70,17.750,-0.005617992,0
3/1/2017,17.75,16.55,17.050,-0.040235312,0.004889985
3/2/2017,17.75,16.85,17.000,-0.00293686,0
3/3/2017,17.05,16.80,16.900,-0.005899722,0.009708814
3/6/2017,17.00,16.75,16.800,-0.005934736,0.014388737
3/7/2017,16.85,16.50,16.650,-0.00896867,-0.004773279
3/8/2017,16.75,15.95,16.200,-0.027398974,-0.014458083
3/9/2017,16.65,15.90,16.000,-0.01242252,0
3/10/2017,17.60,16.30,16.900,0.0547249,-0.01467019
3/13/2017,18.00,17.00,17.350,0.026278884,0.009804
3/14/2017,18.90,17.50,18.250,0.050572574,0
3/15/2017,18.25,17.50,17.850,-0.022161572,-0.004889985
3/16/2017,19.00,17.50,17.550,-0.016949558,-0.024815169
3/17/2017,18.05,17.60,17.950,0.022536165,0.005012542
3/20/2017,18.10,17.75,18.000,0.002781643,0.009950331
3/21/2017,18.25,18.00,18.100,0.00554018,-0.004962789
3/22/2017,18.35,18.00,18.100,0,-0.004987542
3/23/2017,18.60,18.15,18.350,0.013717636,0.004987542
3/24/2017,18.70,18.35,18.450,0.005434796,0.062671107
3/27/2017,18.95,18.45,18.700,0.013459153,0.018519048
3/28/2017,19.05,18.30,18.600,-0.005361943,0.013667639
3/29/2017,18.40,17.75,18.050,-0.030015896,0.00451468
3/30/2017,18.05,17.90,17.950,-0.00555557,-0.00451468
3/31/2017,18.30,17.80,18.000,0.002781643,-0.027524673
4/3/2017,19.00,18.00,18.450,0.024692613,0
4/4/2017,19.00,18.00,18.300,-0.008163311,-0.004662013
4/5/2017,19.00,18.30,18.300,0,0
4/6/2017,19.00,18.30,18.600,0.016260521,-0.014117882
4/7/2017,19.75,18.40,18.650,0.002684565,0.004728141
4/10/2017,19.75,18.65,19.150,0.02645657,0.004705891
4/11/2017,19.80,19.15,19.250,0.005208345,-0.014184635
4/12/2017,19.65,19.25,19.450,0.010336009,0
4/13/2017,19.75,19.50,19.600,0.007682496,-0.004773279
4/18/2017,19.70,19.00,19.150,-0.023226851,-0.014458083
4/19/2017,19.30,19.05,19.200,0.002607563,-0.00486619
4/20/2017,19.25,19.00,19.150,-0.002607563,-0.004889985
4/21/2017,19.20,19.10,19.150,0,-0.019802627
4/24/2017,19.20,19.05,19.100,-0.002614381,0.039220713
4/25/2017,19.15,18.70,18.950,-0.007884404,0.004796172
4/26/2017,19.00,18.85,18.950,0,0
4/27/2017,19.10,18.95,19.000,0.002635048,-0.069334693
4/28/2017,19.60,19.00,19.250,0.013072082,0.005115101
5/2/2017,19.80,19.20,19.550,0.015464226,-0.0102565
5/3/2017,19.80,19.50,19.600,0.00255428,0
5/4/2017,19.95,19.35,19.650,0.002547772,0.01534557
5/5/2017,20.00,19.70,19.750,0.005076153,-0.041456714
5/8/2017,20.75,19.80,20.500,0.037271395,0.015748357
5/9/2017,20.75,19.90,20.250,-0.012270093,0.015504187
5/10/2017,22.00,19.85,20.000,-0.01242252,0
5/11/2017,20.75,19.85,20.500,0.024692613,0.005115101
5/12/2017,20.75,20.25,20.250,-0.012270093,-0.01542447
5/15/2017,20.50,20.25,20.250,0,0.02051354
5/16/2017,20.50,20.25,20.250,0,0.005063302
5/17/2017,20.50,20.00,20.000,-0.01242252,-0.010152371
5/19/2017,20.75,20.00,20.250,0.01242252,-0.005115101
5/22/2017,20.75,20.25,20.500,0.012270093,0.015267472
5/23/2017,20.75,20.25,20.500,0,0.034742948
5/24/2017,21.75,20.75,21.000,0.024097552,-0.024692613
5/25/2017,21.75,21.25,21.500,0.023530497,0
5/26/2017,22.00,21.50,21.750,0.011560822,0.004987542
5/29/2017,21.75,21.25,21.500,-0.011560822,-0.010000083
5/30/2017,21.75,21.00,21.000,-0.023530497,0.049029427
5/31/2017,23.00,21.50,22.250,0.057819571,-0.044016885
6/2/2017,23.25,22.00,22.500,0.011173301,0
6/5/2017,22.75,21.50,22.250,-0.011173301,0.009950331
6/6/2017,23.50,22.00,22.000,-0.011299555,0
6/7/2017,22.50,22.00,22.250,0.011299555,0
6/8/2017,22.50,22.00,22.250,0,0
6/9/2017,23.00,22.25,22.750,0.022223137,0
6/12/2017,23.25,22.50,22.750,0,0.004938282
6/13/2017,24.00,23.00,23.500,0.032435276,0.01467019
6/14/2017,23.75,23.00,23.000,-0.021506205,-0.00486619
6/15/2017,23.50,23.25,23.250,0.010810916,-0.004889985
6/16/2017,24.00,23.25,23.500,0.010695289,0.014598799
6/19/2017,23.75,23.00,23.000,-0.021506205,0
6/20/2017,23.25,22.50,22.750,-0.010929071,0
6/21/2017,23.50,22.50,22.750,0,0.009615459
6/22/2017,23.50,22.75,23.250,0.021739987,-0.004796172
6/23/2017,23.50,23.00,23.250,0,-0.014528101
6/27/2017,23.75,23.25,23.500,0.010695289,0.019324273
6/28/2017,23.50,23.00,23.250,-0.010695289,0
6/29/2017,23.75,23.00,23.000,-0.010810916,0.023641763
6/30/2017,23.25,22.00,22.750,-0.010929071,-0.028437935
7/3/2017,23.25,22.50,23.000,0.010929071,-0.004819286
7/4/2017,23.25,22.50,23.000,0,0.004819286
7/5/2017,23.25,22.50,22.750,-0.010929071,-0.004819286
7/6/2017,23.25,22.00,22.750,0,0.004819286
7/7/2017,23.25,23.00,23.000,0.010929071,0
7/10/2017,23.25,23.00,23.000,0,0.028437935
7/11/2017,23.50,23.00,23.000,0,0
7/12/2017,23.25,22.75,23.000,0,-0.004683849
7/13/2017,23.25,22.75,23.000,0,-0.004705891
7/14/2017,23.25,22.75,23.000,0,0.004705891
7/17/2017,23.25,23.00,23.000,0,0.009345862
7/18/2017,23.25,22.50,23.000,0,0.009259325
7/19/2017,23.25,23.00,23.000,0,-0.009259325
7/20/2017,23.25,23.00,23.000,0,0
7/21/2017,23.50,23.00,23.250,0.010810916,0
7/24/2017,23.75,23.25,23.250,0,0
7/25/2017,24.00,23.25,23.500,0.010695289,0.009259325
7/26/2017,24.25,23.50,23.750,0.010582109,0.0711411
7/27/2017,24.75,23.50,23.750,0,-0.052875752
7/28/2017,25.00,23.75,24.500,0.031090587,-0.009090972
7/31/2017,25.00,23.75,24.500,0,-0.009174376
8/1/2017,24.00,23.50,23.750,-0.031090587,0.018265348
8/2/2017,24.25,23.75,24.000,0.0104713,0
8/3/2017,24.50,23.75,23.750,-0.0104713,-0.004535155
8/4/2017,24.25,23.00,23.500,-0.010582109,0
8/7/2017,24.00,23.50,23.500,0,0
8/9/2017,24.25,23.75,23.750,0.010582109,0.004535155
8/10/2017,24.75,23.50,24.250,0.020834087,0.00451468
8/11/2017,25.50,23.75,24.500,0.0102565,0
8/14/2017,25.50,24.75,25.000,0.020202707,0.022272636
8/15/2017,25.50,24.00,24.750,-0.010050336,0.013129291
8/16/2017,25.00,24.25,24.250,-0.020408872,0.008658063
8/17/2017,24.75,24.00,24.250,0,0.017094433
8/18/2017,24.75,24.00,24.250,0,-0.012793351
8/21/2017,25.00,24.25,24.750,0.020408872,0.004282662
8/22/2017,25.00,24.75,24.750,0,-0.004282662
8/23/2017,25.50,24.75,25.000,0.010050336,-0.012959145
8/24/2017,25.75,25.00,25.250,0.009950331,0
8/25/2017,27.00,25.50,26.500,0.048318577,0.004338402
8/28/2017,27.00,26.50,26.750,0.00938974,0.004319661
8/29/2017,27.25,26.25,26.750,0,0.004301082
8/30/2017,26.75,25.50,26.250,-0.018868484,0.025425098
8/31/2017,26.50,25.25,25.500,-0.028987537,-0.004192878
9/1/2017,25.75,23.00,24.250,-0.050261835,-0.01268516
9/4/2017,25.75,24.00,24.000,-0.010362787,0.008474627
9/5/2017,25.00,24.25,24.750,0.030771659,-0.025642431
9/6/2017,25.50,24.50,24.750,0,-0.026317308
9/7/2017,26.00,25.00,25.250,0.020000667,0.034938051
9/8/2017,26.25,25.50,25.750,0.019608471,0
9/11/2017,26.50,25.75,26.000,0.009661911,0.004282662
9/12/2017,27.00,25.75,26.000,0,0
9/13/2017,26.00,25.00,25.250,-0.029270382,0.004264399
9/14/2017,25.50,25.25,25.250,0,0.01268516
9/15/2017,25.50,25.00,25.250,0,0
9/18/2017,25.00,24.00,24.250,-0.040409538,0.004192878
9/19/2017,25.50,24.75,25.000,0.030459207,0.004175371
9/20/2017,25.50,25.00,25.250,0.009950331,0
9/21/2017,26.50,25.25,25.750,0.019608471,0
9/22/2017,26.00,25.50,25.750,0,-0.004175371
9/25/2017,26.00,25.75,25.750,0,0.004175371
9/26/2017,26.25,25.75,26.000,0.009661911,-0.00836825
9/27/2017,26.00,25.75,25.750,-0.009661911,0
9/28/2017,26.00,24.75,25.250,-0.019608471,0
9/29/2017,25.00,24.50,24.750,-0.020000667,-0.051735674
10/2/2017,25.00,24.50,24.500,-0.010152371,0.013187004
10/3/2017,25.75,24.50,25.000,0.020202707,0.008695707
10/4/2017,25.25,24.75,25.000,0,-0.026317308
10/5/2017,25.00,24.75,24.750,-0.010050336,0
10/6/2017,25.00,24.50,24.750,0,0
10/9/2017,25.25,24.75,25.000,0.010050336,0.004434597
10/10/2017,25.50,24.75,25.000,0,0
10/11/2017,25.25,24.75,25.000,0,0
10/12/2017,25.25,24.75,24.750,-0.010050336,0.004415018
10/13/2017,25.25,24.75,25.000,0.010050336,0
10/16/2017,25.25,24.50,24.750,-0.010050336,-0.008849615
10/17/2017,25.00,24.25,24.500,-0.010152371,0.004434597
10/18/2017,24.50,24.00,24.250,-0.0102565,0
10/19/2017,24.50,24.00,24.000,-0.010362787,0
10/23/2017,25.00,23.75,24.250,0.010362787,-0.004434597
10/24/2017,25.25,24.25,24.750,0.020408872,-0.040821995
10/27/2017,25.50,25.00,25.250,0.020000667,0.031893364
10/30/2017,25.50,25.00,25.250,0,-0.031893364
10/31/2017,26.25,25.00,25.500,0.009852296,-0.00464038
11/1/2017,26.25,25.50,25.750,0.009756175,0.009259325
11/2/2017,26.00,25.00,25.250,-0.019608471,0.013730193
11/3/2017,26.00,25.00,25.500,0.009852296,0.009049836
11/6/2017,25.75,24.75,25.000,-0.019802627,0.00896867
11/7/2017,25.00,24.25,24.500,-0.020202707,0.00445435
11/8/2017,25.25,24.50,24.750,0.010152371,0.004434597
11/9/2017,25.00,24.50,24.750,0,0
11/10/2017,25.00,24.50,24.500,-0.010152371,0.00881063
11/13/2017,24.75,24.00,24.500,0,-0.004395611
11/14/2017,25.50,24.50,24.500,0,0
11/15/2017,25.25,24.50,25.000,0.020202707,-0.004415018
11/16/2017,25.75,25.00,25.250,0.009950331,0.004415018
11/17/2017,26.00,25.25,25.500,0.009852296,-0.031322471
11/20/2017,26.00,25.50,25.750,0.009756175,0
11/21/2017,27.25,25.75,26.750,0.038099846,-0.009132484
11/22/2017,28.50,26.75,28.000,0.045670037,0.004576667
11/23/2017,28.50,26.00,26.500,-0.055059777,0.004555817
11/24/2017,28.00,26.50,26.750,0.00938974,0
11/27/2017,28.00,26.75,27.500,0.027651531,-0.004555817
11/29/2017,28.00,27.50,27.500,0,0
11/30/2017,28.00,27.00,27.500,0,0
12/1/2017,27.75,27.00,27.500,0,0
12/4/2017,28.25,27.50,27.500,0,0
12/5/2017,27.75,27.00,27.250,-0.009132484,-0.018433702
12/6/2017,27.75,26.75,27.250,0,0.018433702
12/7/2017,28.25,27.00,27.750,0.018182319,0
12/8/2017,28.25,27.75,27.750,0,-0.032485455
12/11/2017,28.25,27.75,28.000,0.00896867,-0.004728141
12/13/2017,28.00,27.50,27.500,-0.018018506,0
12/14/2017,27.75,26.75,27.000,-0.018349139,-0.004750603
12/15/2017,27.50,24.50,26.750,-0.009302393,0
12/18/2017,27.00,26.00,26.250,-0.018868484,-0.033901552
12/19/2017,26.50,25.75,26.000,-0.009569451,0.01467019
12/20/2017,26.75,25.75,26.000,0,0
12/21/2017,27.00,26.25,26.500,0.019048195,0.004842624
12/22/2017,26.75,26.25,26.500,0,-0.004842624
12/27/2017,26.50,26.00,26.250,-0.009478744,0.004842624
12/28/2017,26.50,26.00,26.250,0,0
12/29/2017,27.50,26.25,26.750,0.018868484,0
1/2/2018,27.00,26.75,26.750,0,0
1/3/2018,27.00,26.75,26.750,0,0.004819286
1/4/2018,27.75,26.75,27.000,0.009302393,0.009569451
1/5/2018,28.50,27.00,28.000,0.036367644,-0.004773279
1/8/2018,28.25,27.50,28.000,0,0
1/9/2018,28.25,27.75,28.000,0,-0.014458083
1/10/2018,28.00,27.75,27.750,-0.00896867,0.004842624
1/11/2018,28.25,27.75,27.750,0,-0.009708814
1/12/2018,28.50,27.75,28.250,0.017857617,0
1/15/2018,29.25,28.25,28.750,0.01754431,0
1/16/2018,29.50,28.50,29.000,0.008658063,0.009708814
1/17/2018,29.50,28.50,29.000,0,-0.009708814
1/18/2018,29.50,29.00,29.250,0.008583744,-0.004889985
1/19/2018,29.75,29.25,29.500,0.00851069,0
1/22/2018,29.75,29.00,29.250,-0.00851069,0
1/23/2018,29.75,29.25,29.500,0.00851069,0.004889985
1/24/2018,29.75,29.50,29.500,0,0.00486619
1/25/2018,30.00,29.50,29.750,0.008438869,0
1/26/2018,30.50,29.50,30.000,0.00836825,-0.00486619
1/29/2018,30.00,29.50,29.750,-0.00836825,0
1/30/2018,30.00,29.25,29.750,0,0.00486619
1/31/2018,30.00,29.50,29.500,-0.008438869,-0.00486619
2/1/2018,30.00,29.50,29.750,0.008438869,0.00486619
2/2/2018,30.25,29.75,29.750,0,-0.01467019
2/5/2018,30.00,29.75,29.750,0,0.01467019
2/6/2018,30.00,28.75,29.500,-0.008438869,-0.00486619
2/7/2018,29.25,28.00,28.500,-0.034486176,0.00486619
2/8/2018,29.50,28.50,29.250,0.025975486,0
2/9/2018,29.50,29.00,29.000,-0.008583744,-0.00486619
2/12/2018,30.00,28.00,28.250,-0.026202372,0.009708814
2/13/2018,29.00,28.25,28.500,0.00881063,0
2/14/2018,29.00,28.75,28.750,0.00873368,0
2/15/2018,29.25,28.75,28.750,0,0
2/16/2018,29.75,29.00,29.250,0.017241806,0
2/19/2018,30.00,29.25,29.250,0,-0.004842624
2/20/2018,30.50,29.25,29.750,0.016949558,0.004842624
2/21/2018,30.25,29.00,29.750,0,0.014388737
2/22/2018,30.00,29.50,29.500,-0.008438869,-0.004773279
2/23/2018,30.00,29.25,29.500,0,0.004773279
2/26/2018,29.75,29.25,29.500,0,-0.009569451
2/27/2018,30.00,29.25,29.500,0,0
2/28/2018,30.00,29.50,29.750,0.008438869,0.014320054
3/1/2018,30.00,29.25,29.500,-0.008438869,-0.004750603
3/2/2018,30.50,29.00,29.250,-0.00851069,-0.009569451
3/5/2018,29.75,29.00,29.250,0,-0.004819286
3/6/2018,29.75,29.25,29.250,0,0.014388737
3/7/2018,29.75,29.25,29.500,0.00851069,-0.024097552
3/8/2018,29.75,29.25,29.500,0,0.024097552
3/9/2018,29.75,29.00,29.250,-0.00851069,0
3/12/2018,29.75,29.25,29.250,0,-0.019231362
3/13/2018,30.00,29.50,29.750,0.016949558,0.014458083
3/14/2018,30.00,29.50,29.750,0,0.037563102
3/15/2018,30.00,29.50,29.500,-0.008438869,0
3/16/2018,29.75,29.50,29.500,0,-0.032789823
3/19/2018,30.75,29.50,30.000,0.016807118,0
3/20/2018,31.25,30.50,30.750,0.024692613,0.014184635
3/21/2018,31.75,31.00,31.250,0.016129382,0
3/22/2018,32.25,31.00,31.750,0.015873349,0.004683849
3/23/2018,32.25,31.75,31.750,0,-0.004683849
3/26/2018,31.75,31.25,31.500,-0.00790518,0.013986242
3/27/2018,31.75,31.00,31.250,-0.00796817,0.080042708
3/28/2018,31.25,30.50,30.750,-0.016129382,-0.004282662
3/29/2018,31.50,30.50,31.000,0.00809721,-0.026088436
4/3/2018,31.75,31.00,31.250,0.008032172,0
4/4/2018,32.75,31.25,32.000,0.023716527,0.004395611
4/5/2018,33.50,32.50,32.750,0.023167059,0
4/6/2018,33.00,32.00,32.250,-0.015384919,0.004376375
4/9/2018,32.25,31.50,31.750,-0.015625318,0
4/10/2018,32.25,31.75,31.750,0,0
4/11/2018,32.50,31.75,32.000,0.007843177,0
4/12/2018,32.00,31.25,31.500,-0.015748357,0
4/13/2018,32.00,31.00,31.000,-0.016000341,0.013015368
4/16/2018,31.25,30.25,30.500,-0.016260521,0.012848142
4/17/2018,30.50,29.50,29.750,-0.024897552,0.021053409
4/18/2018,30.00,29.25,29.500,-0.008438869,-0.016807118
4/19/2018,29.75,29.00,29.250,-0.00851069,0
4/20/2018,29.50,28.75,29.000,-0.008583744,0
4/23/2018,29.75,28.25,28.500,-0.017391743,0.008438869
4/24/2018,29.00,28.00,28.250,-0.00881063,-0.008438869
4/25/2018,29.00,28.25,28.500,0.00881063,-0.021414095
4/26/2018,28.75,28.00,28.250,-0.00881063,-0.008695707
4/27/2018,28.50,28.25,28.250,0,-0.031044622
4/30/2018,28.50,28.25,28.250,0,-0.018182319
5/2/2018,28.25,27.00,27.250,-0.036039936,-0.037387532
5/3/2018,27.75,26.75,27.000,-0.009216655,-0.004773279
5/4/2018,29.00,28.00,28.500,0.054067221,0.018957914
5/7/2018,29.00,28.25,28.500,0,-0.009434032
5/8/2018,28.50,28.25,28.250,-0.00881063,-0.009523882
5/9/2018,29.50,28.50,29.000,0.026202372,0.009523882
5/10/2018,29.25,27.75,28.000,-0.03509132,-0.004750603
5/11/2018,28.00,27.50,27.750,-0.00896867,0
5/14/2018,28.00,27.00,27.250,-0.018182319,0.004750603
5/15/2018,28.25,27.00,27.250,0,0
5/16/2018,29.25,28.00,28.500,0.044850566,-0.004750603
5/17/2018,29.50,28.75,29.000,0.017391743,0.004750603
5/18/2018,29.50,29.00,29.250,0.008583744,0
5/21/2018,29.25,29.00,29.000,-0.008583744,0.004728141
5/22/2018,29.75,29.00,29.250,0.008583744,-0.014252023
5/23/2018,29.50,29.00,29.000,-0.008583744,0.004773279
5/25/2018,29.25,28.50,29.000,0,0
5/28/2018,29.00,28.00,28.750,-0.008658063,0
5/29/2018,29.00,28.25,28.500,-0.00873368,0
5/30/2018,28.50,28.00,28.250,-0.00881063,0
5/31/2018,28.75,28.25,28.250,0,-0.038839833
6/4/2018,29.00,28.25,28.500,0.00881063,0.004938282
6/5/2018,29.25,28.50,28.750,0.00873368,-0.004938282
6/6/2018,30.00,28.75,29.500,0.025752496,0.004938282
6/7/2018,29.75,29.00,29.500,0,0
6/8/2018,29.75,29.25,29.500,0,0
6/11/2018,30.50,29.50,30.000,0.016807118,0
6/12/2018,30.50,30.00,30.000,0,-0.014888612
6/13/2018,30.50,30.00,30.000,0,0.004987542
6/14/2018,30.25,29.75,30.000,0,-0.004987542
6/18/2018,30.25,29.50,29.750,-0.00836825,0
6/19/2018,29.75,27.75,28.250,-0.051735674,0
6/20/2018,28.50,27.25,27.250,-0.036039936,0.004987542
6/21/2018,27.75,27.25,27.250,0,0
6/22/2018,28.75,27.25,28.250,0.036039936,0
6/25/2018,29.00,28.25,28.500,0.00881063,0.004962789
6/26/2018,29.50,28.50,29.000,0.017391743,0
6/27/2018,30.00,28.75,29.500,0.017094433,-0.009950331
6/28/2018,30.00,29.25,29.750,0.008438869,0
6/29/2018,30.00,29.25,29.500,-0.008438869,0
7/2/2018,29.75,28.75,29.000,-0.017094433,-0.015113638
7/3/2018,28.75,27.75,28.000,-0.03509132,0.005063302
7/4/2018,29.25,28.00,28.500,0.017699577,0.010050336
7/5/2018,29.25,28.50,29.000,0.017391743,0
7/6/2018,29.25,28.75,28.750,-0.008658063,0.009950331
7/9/2018,29.25,28.75,29.000,0.008658063,0
7/10/2018,29.25,29.00,29.000,0,0.009852296
7/11/2018,29.00,28.25,28.500,-0.017391743,0
7/12/2018,29.00,28.50,28.500,0,-0.004914015
7/13/2018,28.75,28.25,28.250,-0.00881063,0
7/16/2018,28.75,28.00,28.250,0,0
7/17/2018,29.25,28.25,28.750,0.01754431,0
7/18/2018,29.75,29.00,29.000,0.008658063,0
7/19/2018,29.75,28.75,29.250,0.008583744,0
7/20/2018,29.25,28.25,28.500,-0.025975486,0
7/23/2018,29.00,28.25,28.500,0,0
7/25/2018,29.00,28.50,28.750,0.00873368,0.004914015
7/26/2018,29.00,28.50,28.500,-0.00873368,0
7/27/2018,29.00,28.50,28.500,0,0.004889985
7/30/2018,28.75,28.25,28.500,0,0
7/31/2018,28.50,27.75,28.000,-0.017699577,-0.004889985
8/1/2018,28.50,27.75,27.750,-0.00896867,0
8/2/2018,28.50,28.00,28.000,0.00896867,-0.004914015
8/3/2018,28.25,28.00,28.000,0,-0.014888612
8/6/2018,28.25,28.00,28.000,0,0
8/7/2018,28.25,28.00,28.000,0,0
8/8/2018,29.50,28.25,28.750,0.026433257,0.004987542
8/9/2018,29.25,28.25,28.750,0,0.004962789
8/10/2018,29.00,28.25,28.250,-0.01754431,0
8/13/2018,29.00,28.50,28.500,0.00881063,0.009852296
8/14/2018,29.00,28.50,28.750,0.00873368,0.004889985
8/15/2018,29.25,28.75,29.000,0.008658063,0.009708814
8/16/2018,29.00,28.75,28.750,-0.008658063,0
8/17/2018,29.50,28.75,29.000,0.008658063,0.004819286
8/20/2018,29.50,29.00,29.000,0,-0.004819286
8/22/2018,29.50,29.00,29.000,0,-0.004842624
8/23/2018,29.25,29.00,29.000,0,0.009661911
8/24/2018,29.25,29.00,29.000,0,0.004796172
8/27/2018,29.50,29.00,29.000,0,-0.009615459
8/28/2018,30.50,29.00,29.750,0.025533302,-0.004842624
8/29/2018,30.25,29.75,29.750,0,-0.009756175
8/30/2018,30.00,29.50,29.500,-0.008438869,-0.009852296
8/31/2018,29.75,28.00,28.250,-0.043296806,0.004938282
9/3/2018,28.00,27.00,27.750,-0.017857617,0.004914015
9/4/2018,29.00,27.75,28.250,0.017857617,0.004889985
9/5/2018,28.50,27.50,27.750,-0.017857617,0
9/6/2018,28.25,27.50,27.750,0,0
9/7/2018,28.00,27.25,27.500,-0.009049836,0
9/10/2018,27.75,27.25,27.250,-0.009132484,-0.004889985
9/11/2018,27.75,27.00,27.000,-0.009216655,-0.004914015
9/12/2018,27.25,26.75,27.000,0,0.004914015
9/13/2018,27.25,25.75,26.250,-0.028170877,0
9/14/2018,26.75,26.25,26.500,0.009478744,-0.019802627
9/17/2018,26.75,26.25,26.500,0,0
9/18/2018,27.25,26.50,26.750,0.00938974,-0.005012542
9/19/2018,27.25,25.75,26.500,-0.00938974,0.019901154
9/20/2018,25.75,24.50,24.750,-0.068319244,-0.019901154
9/21/2018,25.25,23.75,24.000,-0.030771659,-0.005037794
9/24/2018,26.00,24.50,25.000,0.040821995,0.005037794
9/25/2018,25.25,24.75,24.750,-0.010050336,-0.020305266
9/26/2018,25.00,24.50,24.750,0,0.01020417
9/27/2018,25.00,24.50,24.750,0,-0.01020417
9/28/2018,25.00,24.00,24.500,-0.010152371,0
10/1/2018,25.00,24.00,24.000,-0.020619287,-0.041890942
10/2/2018,24.75,24.00,24.250,0.010362787,0.021164811
10/3/2018,24.50,24.25,24.250,0,0.010416761
10/4/2018,24.75,24.25,24.500,0.0102565,-0.010416761
10/5/2018,25.00,24.50,24.750,0.010152371,-0.005249356
10/8/2018,25.00,24.50,24.500,-0.010152371,0.015666117
10/9/2018,25.00,24.25,24.500,0,-0.015666117
10/11/2018,25.00,23.50,24.000,-0.020619287,-0.021277398
10/12/2018,24.00,22.75,23.000,-0.042559614,0
10/15/2018,23.50,21.75,22.250,-0.033152207,0
10/16/2018,24.00,22.50,23.500,0.054658413,0
10/17/2018,24.25,23.75,23.750,0.010582109,0.026526754
10/18/2018,24.25,23.00,23.500,-0.010582109,-0.021164811
10/19/2018,23.75,23.00,23.750,0.010582109,-0.005361943
10/22/2018,24.50,23.50,23.750,0,0
10/23/2018,24.00,23.25,23.750,0,0.005361943
10/24/2018,23.75,23.25,23.500,-0.010582109,-0.016172859
10/25/2018,23.75,23.25,23.500,0,-0.016438726
10/26/2018,23.75,23.50,23.500,0,-0.00554018
10/29/2018,24.00,23.50,23.500,0,-0.005571045
10/30/2018,24.00,23.25,23.500,0,-0.005602256
10/31/2018,24.00,23.25,23.250,-0.010695289,0.016713481
11/1/2018,23.75,23.00,23.500,0.010695289,0.005509656
11/2/2018,25.00,23.75,24.500,0.041672696,0.021739987
11/5/2018,24.50,23.00,23.750,-0.031090587,0.005361943
11/6/2018,24.00,22.50,22.500,-0.054067221,0.005333346
11/7/2018,23.50,22.50,22.750,0.011049836,0.010582109
11/8/2018,23.75,23.25,23.250,0.021739987,0.056280836
11/9/2018,24.75,23.50,24.250,0.042111485,-0.056280836
11/12/2018,24.50,23.75,24.250,0,0.005249356
11/13/2018,24.50,24.00,24.250,0,0.005221944
11/14/2018,24.50,23.75,24.000,-0.010362787,0.030771659
11/15/2018,24.00,23.50,23.750,-0.0104713,-0.020408872
11/16/2018,24.25,23.50,23.750,0,-0.010362787
11/19/2018,24.00,23.50,23.500,-0.010582109,0
11/20/2018,24.00,23.50,23.500,0,-0.0104713
11/21/2018,24.00,23.50,23.750,0.010582109,-0.005277057
11/22/2018,24.00,23.75,23.750,0,-0.005305052
11/23/2018,24.00,23.75,23.750,0,0
11/26/2018,24.00,23.60,23.800,0.00210305,0
11/27/2018,24.00,23.75,23.800,0,0
11/28/2018,24.00,23.75,23.800,0,0.003981425
11/29/2018,24.00,23.50,23.750,-0.00210305,0.007915609
11/30/2018,23.85,23.65,23.750,0,0.009156375
12/3/2018,23.80,23.55,23.750,0,0.006489315
12/4/2018,23.75,23.50,23.600,-0.006335818,-0.001294499
12/5/2018,23.75,23.50,23.650,0.002116403,0.002587324
12/6/2018,23.60,23.30,23.400,-0.010627093,0.002580647
12/7/2018,23.40,22.80,23.000,-0.017241806,0
12/10/2018,23.00,22.60,22.650,-0.015334364,0
12/11/2018,23.00,21.90,22.050,-0.02684725,0
12/13/2018,23.00,21.90,22.150,0.004524895,-0.016894489
12/14/2018,23.25,22.25,22.900,0.033299414,0.002617803
12/17/2018,23.25,22.50,23.000,0.004357305,0
12/18/2018,23.10,22.80,23.000,0,0.018135212
12/19/2018,23.05,22.50,22.900,-0.004357305,0.001282874
12/20/2018,22.90,22.35,22.450,-0.019846296,0.01020417
12/21/2018,23.25,22.20,22.300,-0.006703936,0.001268231
12/24/2018,23.50,22.50,22.600,0.013363228,-0.001268231
12/27/2018,23.00,22.55,22.600,0,-0.002541297
12/28/2018,23.00,22.80,22.850,0.011001211,-0.008945747
12/31/2018,22.80,22.10,22.200,-0.028858828,0
1/2/2019,23.00,22.20,22.250,0.00224972,-0.003858526
1/3/2019,22.50,21.80,22.150,-0.004504512,0.002574004
1/4/2019,22.00,21.00,21.300,-0.039130424,0.014039797
1/7/2019,21.80,21.30,21.450,0.007017573,-0.0063573
1/8/2019,22.20,21.50,22.000,0.025317808,-0.029775662
1/9/2019,22.75,22.15,22.300,0.013544225,0.034864732
1/10/2019,24.00,22.40,23.000,0.030907537,-0.011487044
1/11/2019,23.75,22.80,23.400,0.017241806,-0.002570696
1/14/2019,23.65,23.25,23.500,0.004264399,-0.00128783
1/15/2019,23.80,23.50,23.500,0,0.002574004
1/16/2019,24.30,23.70,23.800,0.01268516,-0.001286174
1/17/2019,24.00,23.55,23.750,-0.00210305,0.002570696
1/18/2019,23.95,23.50,23.700,-0.002107482,0.017812176
1/21/2019,23.70,23.05,23.500,-0.008474627,-0.010139504
1/22/2019,23.50,23.05,23.300,-0.008547061,-0.002551022
1/23/2019,23.45,23.05,23.250,-0.002148229,-0.002557546
1/24/2019,23.40,23.05,23.200,-0.002152853,-0.00128123
1/25/2019,23.65,23.15,23.450,0.010718216,0.005115101
1/28/2019,23.75,23.35,23.450,0,0.001274697
1/29/2019,23.60,23.05,23.450,0,-0.010243367
1/30/2019,24.00,23.40,23.700,0.010604553,0.002570696
1/31/2019,24.50,23.60,23.850,0.006309169,-0.003858526
2/1/2019,25.60,24.00,25.500,0.066894235,0
2/4/2019,26.25,25.50,26.000,0.019418086,0.003858526
2/5/2019,27.00,26.10,26.500,0.019048195,0.001282874
2/6/2019,27.20,26.50,26.900,0.014981554,0.01020417
2/7/2019,27.10,26.90,27.050,0.005560719,-0.01020417
2/8/2019,27.00,26.50,26.850,-0.007421184,0.005115101
2/11/2019,26.95,26.50,26.800,-0.001863933,0.03509132
2/12/2019,27.00,26.80,26.900,0.003724399,0.017094433
2/13/2019,27.00,26.05,26.900,0,-0.003638573
2/14/2019,26.85,25.95,26.450,-0.016870128,0
2/15/2019,27.00,26.00,26.100,-0.013320844,-0.004872117
2/18/2019,26.90,25.90,26.050,-0.001917546,0.002439026
2/19/2019,26.50,26.00,26.150,0.003831422,-0.004884015
2/20/2019,26.50,26.05,26.150,0,-0.00122474
2/21/2019,26.15,26.00,26.000,-0.005752652,-0.019802627
2/22/2019,26.20,26.00,26.050,0.00192123,-0.024036578
2/25/2019,26.70,26.15,26.500,0.017126965,0.032748518
2/26/2019,26.65,26.30,26.600,0.003766483,-0.008711941
2/27/2019,26.70,26.30,26.550,-0.001881468,0.00249688
2/28/2019,26.50,25.95,26.000,-0.02093321,-0.027814688
3/1/2019,26.50,26.00,26.100,0.003838776,0.020305266
3/4/2019,26.55,26.05,26.450,0.013320844,-0.020305266
3/5/2019,26.55,26.30,26.500,0.001888575,0.014004048
3/6/2019,26.75,26.40,26.600,0.003766483,0.007556711
3/7/2019,27.00,26.60,26.800,0.007490672,0.002506267
3/8/2019,27.45,26.80,27.000,0.007434978,-0.013862856
3/11/2019,27.00,26.75,26.900,-0.003710579,0.008844025
3/12/2019,27.00,26.70,26.900,0,-0.001258653
3/13/2019,27.00,26.50,26.750,-0.005591813,0.002515725
3/14/2019,27.10,26.75,27.000,0.009302393,-0.006301218
3/15/2019,28.10,26.80,27.750,0.027398974,0
3/18/2019,28.75,27.50,28.500,0.026668247,0.001263424
3/19/2019,27.60,28.00,28.500,0,-0.002528446
3/20/2019,28.00,28.55,28.000,-0.017699577,0.001265022
3/21/2019,28.30,28.65,28.550,0.019452426,0.005044147
3/22/2019,28.00,28.15,28.650,0.003496507,0.006269613
3/25/2019,28.20,27.50,27.950,-0.024736244,0
3/26/2019,27.95,27.20,27.600,-0.012601427,0.082731398
3/27/2019,26.95,27.25,27.600,0,0.012578782
3/28/2019,27.00,27.10,27.250,-0.012762252,-0.066965707
3/29/2019,27.70,27.00,27.550,0.010949014,0
4/1/2019,28.10,27.60,27.900,0.012624153,0.0084695
4/2/2019,28.50,28.00,28.100,0.007142888,0.036668804
4/3/2019,28.20,28.00,28.100,0,-0.024692613
4/4/2019,28.00,28.05,28.100,0,0.02236703
4/5/2019,27.65,28.00,28.050,-0.001780944,-0.001164822
4/8/2019,27.65,28.00,28.000,-0.001784122,-0.002333723
4/9/2019,27.60,27.85,28.000,0,-0.00938974
4/10/2019,27.65,27.75,27.850,-0.005371544,-0.013056565
4/11/2019,27.60,27.70,27.750,-0.003597126,-0.004790428
4/12/2019,27.05,27.50,27.700,-0.001803427,0.007177064
4/15/2019,27.05,27.30,27.500,-0.007246409,-0.018040177
4/16/2019,27.30,27.50,27.300,-0.007299302,0.004842624
4/17/2019,28.00,27.60,27.850,0.019946264,-0.001208459
4/18/2019,28.00,27.65,27.850,0,0.001208459
4/23/2019,27.65,27.95,27.850,0,-0.004842624
4/24/2019,27.85,28.00,27.950,0.003584233,0
4/25/2019,28.10,27.90,27.950,0,0.035760664
4/26/2019,28.00,27.85,27.950,0,0.001170275
4/29/2019,27.85,28.00,27.950,0,0.006993035
4/30/2019,28.60,28.10,28.150,0.007130155,-0.012858155
5/2/2019,28.25,29.55,28.150,0,-0.054394072
5/3/2019,30.00,28.35,29.250,0.038332219,-0.045751308
5/6/2019,29.00,28.50,28.650,-0.020726131,0.019318051
5/7/2019,29.50,28.20,28.600,-0.001746725,0.015190165
5/8/2019,29.00,28.00,28.150,-0.015859363,-0.033208671
5/9/2019,28.30,27.80,27.950,-0.007130155,0.002594035
5/10/2019,27.90,27.20,27.450,-0.018051032,0.001294499
5/13/2019,28.00,27.00,27.200,-0.009149195,0
5/14/2019,27.20,26.10,26.400,-0.029852963,-0.002590675
5/15/2019,27.20,26.35,26.700,0.011299555,0.001296176
5/16/2019,26.70,26.05,26.250,-0.016997576,-0.039635307
5/17/2019,26.60,26.05,26.150,-0.003816799,-0.031487885
5/20/2019,26.50,26.05,26.200,0.00191022,0.032834687
5/21/2019,26.50,26.00,26.350,0.005708864,-0.02452439
5/22/2019,27.00,26.05,26.100,-0.009532961,-0.005532518
5/23/2019,26.50,26.05,26.150,0.001913876,0.019231362
5/24/2019,27.00,26.20,26.450,0.011406968,0.013513719
5/27/2019,27.00,26.50,26.800,0.013145729,0.006688988
5/28/2019,28.65,26.90,28.350,0.056225143,-0.005347606
5/29/2019,28.30,27.80,28.000,-0.01242252,0.004013383
5/30/2019,27.80,27.40,27.650,-0.012578782,0.01062427
5/31/2019,27.65,27.00,27.450,-0.00725956,0.001320132
6/3/2019,27.80,27.40,27.650,0.00725956,-0.002642009
6/4/2019,27.80,27.60,27.700,0.001806685,0.015748357
6/6/2019,28.00,27.65,27.700,0,0.015504187
6/7/2019,27.90,27.10,27.400,-0.0108894,0.011472401
6/10/2019,27.60,27.05,27.450,0.001823155,-0.001268231
6/11/2019,27.70,27.20,27.550,0.003636368,-0.014057739
6/12/2019,27.65,27.30,27.500,-0.001816531,-0.022121917
6/13/2019,27.70,27.10,27.350,-0.005469476,-0.001316656
6/14/2019,27.50,27.05,27.200,-0.005499556,0.011787956
6/17/2019,27.35,27.10,27.250,0.001836548,0.010362787
6/18/2019,27.65,27.10,27.300,0.001833181,0.003858526
6/19/2019,27.30,27.00,27.000,-0.011049836,-0.011620531
6/20/2019,27.50,27.00,27.150,0.00554018,0.035718083
6/21/2019,27.50,27.15,27.250,0.003676475,-0.012610508
6/24/2019,27.35,27.15,27.300,0.001833181,-0.014057739
6/25/2019,28.00,27.30,27.450,0.005479466,-0.009049836
6/26/2019,27.90,27.40,27.500,0.001819837,0.012903405
6/27/2019,28.00,27.55,27.550,0.001816531,-0.002567396
6/28/2019,28.35,27.60,28.100,0.019767041,0.008957194
7/1/2019,28.55,27.35,28.150,0.001777778,-0.010243367
7/2/2019,28.30,28.00,28.150,0,0.001286174
7/3/2019,28.30,28.00,28.150,0,-0.003863495
7/4/2019,28.20,27.45,27.750,-0.014311514,-0.002583981
7/5/2019,30.00,27.55,27.850,0.003597126,-0.001294499
7/8/2019,28.00,27.20,27.550,-0.010830431,0.003878479
7/9/2019,27.50,27.00,27.000,-0.02016567,0.003863495
7/10/2019,27.75,27.20,27.500,0.018349139,0
7/11/2019,27.80,27.15,27.450,-0.001819837,-0.002574004
7/12/2019,28.10,27.50,27.750,0.010869672,0.011531198
7/15/2019,27.75,27.25,27.500,-0.009049836,0.008877674
7/16/2019,27.85,28.00,28.000,0.018018506,0
7/17/2019,28.05,27.50,27.950,-0.001787311,0.006293287
7/18/2019,28.00,27.50,27.750,-0.007181359,0.003757049
7/19/2019,28.00,27.65,27.850,0.003597126,-0.015113638
7/22/2019,28.00,27.50,27.800,-0.001796946,0.005063302
7/23/2019,28.00,27.20,27.250,-0.0199825,-0.007604599
7/24/2019,27.80,27.35,27.500,0.009132484,-0.002547772
7/25/2019,27.95,27.35,27.500,0,0.002547772
7/26/2019,27.80,27.50,27.600,0.003629768,0.007604599
7/29/2019,27.75,27.50,27.550,-0.001813237,0
7/30/2019,27.60,27.40,27.450,-0.003636368,-0.010152371
7/31/2019,27.55,27.25,27.400,-0.001823155,0
8/1/2019,28.00,27.50,27.550,0.005459522,0
8/2/2019,28.00,27.50,27.600,0.001813237,-0.001276324
8/5/2019,27.65,27.50,27.600,0,0.001276324
8/6/2019,27.60,27.30,27.450,-0.005449605,0.00508907
8/7/2019,27.50,27.00,27.200,-0.009149195,-0.001269841
8/9/2019,28.00,27.20,27.650,0.016408755,-0.006373508
8/13/2019,28.15,27.50,27.900,0.009000961,0.003828977
8/14/2019,28.15,27.65,28.000,0.003577821,0.005082603
8/15/2019,28.75,27.70,28.500,0.017699577,-0.003809528
8/16/2019,29.60,28.65,29.200,0.024264622,0.006341175
8/19/2019,29.55,29.00,29.450,0.008525201,-0.001265022
8/20/2019,29.90,28.95,29.300,-0.005106394,0
8/21/2019,29.35,28.95,29.100,-0.006849342,-0.003804697
8/22/2019,29.20,28.95,29.000,-0.003442344,0
8/23/2019,29.10,28.75,28.900,-0.003454235,-0.001271456
8/26/2019,28.90,28.00,28.300,-0.02097979,0.003809528
8/27/2019,28.30,28.05,28.200,-0.003539827,-0.014039797
8/28/2019,29.00,27.95,28.000,-0.007117468,0.002567396
8/29/2019,28.40,28.00,28.250,0.008888947,0.01020417
8/30/2019,28.30,28.00,28.150,-0.003546103,0.001268231
9/2/2019,28.30,27.20,28.050,-0.003558723,-0.001268231
9/3/2019,26.70,25.55,26.200,-0.068229221,-0.006365394
9/4/2019,27.00,26.20,26.650,0.01702974,-0.003838776
9/5/2019,28.50,26.70,26.850,0.00747667,0.002560821
9/6/2019,27.00,26.50,26.800,-0.001863933,0
9/9/2019,26.95,26.70,26.850,0.001863933,0
9/10/2019,27.05,26.90,26.950,0.003717476,0.00891158
9/11/2019,27.40,26.95,27.050,0.003703708,-0.00891158
9/12/2019,28.00,27.05,27.150,0.003690041,-0.002560821
9/13/2019,27.40,27.05,27.150,0,0
9/16/2019,27.35,27.10,27.200,0.001839927,0
9/17/2019,27.70,27.05,27.150,-0.001839927,0
9/18/2019,27.50,27.15,27.250,0.003676475,0
9/19/2019,27.50,27.15,27.200,-0.001836548,0.006389798
9/20/2019,28.00,27.25,27.350,0.005499556,-0.001274697
9/23/2019,27.60,27.40,27.500,0.005469476,-0.005115101
9/24/2019,27.75,27.35,27.500,0,0.00128123
9/25/2019,28.00,27.40,27.550,0.001816531,-0.0115906
9/26/2019,27.50,27.00,27.150,-0.014625489,0.0115906
9/27/2019,27.40,27.10,27.100,-0.001843318,-0.002564104
9/30/2019,28.00,27.20,27.500,0.014652277,-0.009026496
10/1/2019,27.75,27.25,27.550,0.001816531,0.012870191
10/2/2019,28.00,27.50,27.650,0.003623192,-0.00641439
10/3/2019,28.20,27.80,28.100,0.016143848,0.027920595
10/4/2019,28.50,27.80,28.050,-0.001780944,-0.001252348
10/7/2019,28.55,27.75,27.850,-0.007155666,-0.005025136
10/8/2019,28.35,28.00,28.200,0.012489012,-0.00126024
10/9/2019,28.45,28.00,28.300,0.003539827,-0.00126183
10/11/2019,29.00,28.20,28.450,0.005286356,-0.010152371
10/14/2019,28.45,27.90,28.000,-0.01594365,0
10/15/2019,28.30,27.70,27.900,-0.003577821,-0.001276324
10/16/2019,28.00,27.00,27.900,0,-0.001277955
10/18/2019,28.50,28.00,28.250,0.012466769,0.006373508
10/22/2019,28.55,27.80,28.450,0.007054703,0
10/23/2019,28.55,28.25,28.500,0.001755927,-0.003819228
10/24/2019,28.75,28.40,28.600,0.003502631,-0.001276324
10/25/2019,28.90,28.50,28.700,0.003490405,0.003824096
10/28/2019,28.95,28.80,28.850,0.00521287,-0.001273075
10/29/2019,29.00,28.80,28.900,0.001731602,0.011399743
10/30/2019,29.60,28.85,29.250,0.012037979,-0.00126024
10/31/2019,29.85,28.90,29.750,0.016949558,-0.00126183
11/1/2019,30.95,29.80,30.300,0.018318581,0
11/4/2019,30.60,29.80,30.400,0.003294896,0.021237525
11/5/2019,30.55,30.40,30.500,0.003284075,0.014724192
11/8/2019,30.50,29.80,30.000,-0.016529302,0.045245813
11/11/2019,29.85,28.00,29.400,-0.020202707,0.010422793
11/12/2019,29.85,28.65,29.000,-0.013698844,-0.052021185
11/13/2019,30.00,28.70,29.300,0.010291686,-0.018371613
11/14/2019,30.00,29.00,29.950,0.021941809,-0.011187189
11/15/2019,29.95,28.60,28.750,-0.040891557,0.004987542
11/18/2019,29.95,28.40,28.550,-0.006980831,-0.002490661
11/19/2019,29.00,28.25,28.550,0,0.007453451
11/21/2019,28.95,28.25,28.500,-0.001752849,-0.009950331
11/22/2019,29.00,28.10,28.450,-0.001755927,-0.001250782
11/25/2019,29.00,28.00,28.900,0.015693435,-0.005018831
11/26/2019,29.00,28.50,28.850,-0.001731602,-0.003780723
11/27/2019,29.00,28.70,28.900,0.001731602,0
11/28/2019,29.10,28.45,28.950,0.001728609,-0.010152371
11/29/2019,29.95,29.00,29.250,0.01030937,-0.001276324
12/2/2019,29.80,29.00,29.400,0.005115101,0.02022825
12/3/2019,29.75,29.15,29.500,0.003395589,-0.024067026
12/4/2019,29.50,29.00,29.400,-0.003395589,-0.009014871
12/5/2019,30.00,29.40,29.450,0.001699236,0.014129972
12/6/2019,30.25,29.45,30.000,0.018503472,0
12/9/2019,30.25,29.60,30.100,0.00332779,-0.003833871
12/10/2019,30.25,29.80,30.150,0.001659751,0.00892294
12/11/2019,30.60,30.00,30.250,0.003311261,-0.01020417
12/13/2019,30.50,30.00,30.300,0.001651528,0.025317808
12/16/2019,30.30,29.80,30.050,-0.008285052,0.00249688
12/17/2019,30.10,29.50,30.000,-0.001665279,0.00373367
12/18/2019,30.50,29.55,30.200,0.006644543,0.001241465
12/19/2019,31.10,30.20,30.900,0.02291426,-0.004975135
12/20/2019,31.50,30.60,31.300,0.012861914,0.013622502
12/23/2019,32.00,30.00,31.650,0.011120051,-0.021131924
12/24/2019,32.00,30.30,31.700,0.001578532,0.019901154
12/27/2019,32.00,31.00,31.450,-0.007917698,-0.011145626
12/30/2019,31.50,30.00,31.350,-0.003184716,0.006207345
12/31/2019,31.60,31.00,31.500,0.004773279,-0.009950331
1/2/2020,31.60,31.00,31.300,-0.006369448,0
1/3/2020,31.80,31.00,31.550,0.007955491,0
1/6/2020,31.70,31.05,31.500,-0.001586043,0.01242252
1/8/2020,32.50,31.20,31.850,0.011049836,-0.01242252
1/13/2020,33.00,32.50,32.700,0.026337696,0.021027367
1/15/2020,32.85,31.50,32.000,-0.021639175,0.002444989
1/16/2020,32.30,31.50,32.000,0,-0.022223137
1/17/2020,32.00,31.00,31.500,-0.015748357,0.037971494
1/20/2020,32.30,31.20,31.550,0.001586043,-0.012092046
1/22/2020,31.75,31.30,31.500,-0.001586043,-0.011009286
1/23/2020,32.00,31.30,31.550,0.001586043,0.006131227
1/24/2020,32.00,31.20,31.300,-0.007955491,0.012150818
1/27/2020,31.50,30.00,30.700,-0.019355443,-0.010929071
1/28/2020,30.50,29.75,29.950,-0.02473333,-0.006123718
1/29/2020,30.50,29.90,30.050,0.003333336,0.007343974
1/30/2020,30.80,30.05,30.600,0.018137348,0
1/31/2020,30.70,30.15,30.450,-0.004914015,0.010915815
2/3/2020,31.00,30.30,30.800,0.011428696,-0.010915815
2/5/2020,32.10,31.00,31.550,0.024058899,-0.023443393
2/6/2020,33.30,31.05,32.800,0.038854926,-0.011299555
2/7/2020,33.00,32.80,32.900,0.003044142,0.010050336
2/10/2020,32.85,31.55,32.650,-0.007627802,0.004987542
2/13/2020,32.05,31.05,31.500,-0.03585731,0.017263067
2/14/2020,31.50,30.75,31.000,-0.016000341,0.007308193
2/19/2020,30.50,29.80,29.950,-0.03445788,-0.00364742
2/20/2020,30.20,29.90,29.950,0,-0.008562743
2/21/2020,30.10,29.85,29.900,-0.001670844,-0.017348638
2/24/2020,30.00,29.00,29.900,0,0.008711941
2/25/2020,29.80,29.40,29.750,-0.005029348,-0.001239926
2/26/2020,29.50,27.95,28.200,-0.053507154,0.001239926
2/27/2020,29.00,28.05,28.100,-0.003552402,0.011090687
2/28/2020,28.20,27.75,27.900,-0.007142888,-0.021053409
3/2/2020,29.50,27.75,28.100,0.007142888,0.013673302
3/3/2020,29.00,28.50,28.850,0.026340417,-0.002472189
3/4/2020,29.45,28.90,29.100,0.008628181,-0.007453451
3/5/2020,29.85,29.00,29.550,0.01534557,0.06165094
3/6/2020,29.60,29.40,29.500,-0.001693481,-0.038236438
3/10/2020,28.60,27.15,27.750,-0.061154423,-0.014724192
3/12/2020,27.50,25.35,25.750,-0.074801213,-0.001236859
3/13/2020,26.50,23.50,24.350,-0.055902778,-0.008701111
3/16/2020,25.00,24.00,24.450,0.004098366,-0.001249219
3/17/2020,26.50,24.55,25.100,0.02623763,-0.025317808
3/18/2020,25.80,25.30,25.350,0.009910884,-0.025975486
3/19/2020,26.00,25.35,25.400,0.001970444,-0.030730541
3/23/2020,25.50,24.00,24.600,-0.032002731,0.025453484
3/24/2020,25.00,24.35,24.450,-0.006116227,-0.010638398
3/25/2020,24.80,24.00,24.500,0.002042902,0.034168896
3/27/2020,26.25,25.00,25.350,0.034105612,-0.02883555
3/30/2020,26.50,26.00,26.000,0.025317808,-0.047660483
3/31/2020,0.00,0.00,26.450,0.01715962,-0.021142437
4/1/2020,27.00,26.70,26.900,0.016870128,0.015548016
4/2/2020,29.00,26.95,28.250,0.048967171,0.002801122
4/3/2020,29.50,27.90,28.750,0.01754431,-0.004204631
4/6/2020,28.50,26.90,27.550,-0.042635232,-0.011299555
4/7/2020,27.50,26.70,26.800,-0.027600648,0.026630866
4/8/2020,26.80,26.00,26.200,-0.022642477,0.023240964
4/9/2020,28.00,26.00,26.350,0.005708864,-0.001352265
4/14/2020,28.00,26.30,27.050,0.02621873,-0.002710029
4/15/2020,28.00,26.60,27.450,0.014679163,0.001355932
4/16/2020,27.80,27.00,27.400,-0.001823155,-0.012270093
4/17/2020,28.50,27.40,28.000,0.021661497,0.002739728
4/20/2020,28.75,28.00,28.500,0.017699577,0.078884508
4/21/2020,29.00,28.00,28.400,-0.003514942,-0.058572368
4/22/2020,29.50,27.55,27.950,-0.015971946,0
4/23/2020,29.45,28.00,28.200,0.008904778,0.042000924
4/24/2020,28.50,27.20,27.550,-0.023319442,0.002567396
4/27/2020,28.00,27.45,27.550,0,0.005115101
4/28/2020,28.00,27.60,27.700,0.005429878,-0.006397974
4/29/2020,29.40,28.00,29.000,0.045863417,-0.007731997
4/30/2020,29.00,27.85,28.500,-0.017391743,0.001292825
5/4/2020,29.75,28.50,29.500,0.034486176,-0.030166222
5/5/2020,30.40,29.50,29.950,0.015139061,0.009277734
5/6/2020,30.95,30.00,30.450,0.01655667,-0.010610179
5/7/2020,30.45,28.50,28.900,-0.052244399,0
5/8/2020,30.00,27.95,28.350,-0.019214565,-0.01342302
5/11/2020,29.00,28.00,28.300,-0.001765226,0.006734032
5/12/2020,29.00,27.90,28.000,-0.010657294,-0.01487519
5/13/2020,28.50,27.50,27.800,-0.007168489,0.004078864
5/14/2020,28.00,26.90,27.100,-0.025502293,-0.013661415
5/15/2020,28.50,27.05,27.650,0.020092,-0.004135085
5/18/2020,29.00,27.85,28.900,0.044215867,-0.01390843
5/19/2020,29.50,29.00,29.200,0.010327114,-0.009852296
5/20/2020,29.20,28.90,29.000,-0.006872879,-0.00425231
5/21/2020,29.00,28.70,28.800,-0.006920443,-0.008559253
5/22/2020,29.50,28.90,29.350,0.018917159,-0.012977832
5/26/2020,29.35,28.90,29.000,-0.011996716,0.004344685
5/27/2020,29.30,28.50,28.650,-0.012142387,0.00432589
5/28/2020,28.60,27.90,28.050,-0.021164811,-0.002881846
5/29/2020,29.50,28.10,28.550,0.017668304,-0.01453514
6/2/2020,29.00,28.20,28.750,0.006980831,-0.004402061
6/3/2020,29.95,28.70,29.100,0.012100407,-0.008862687
6/4/2020,30.00,29.30,29.600,0.017036187,-0.014947961
6/5/2020,29.75,29.05,29.500,-0.003384098,0.004507896
6/8/2020,30.00,29.30,29.900,0.013468217,-0.019682694
6/9/2020,30.00,29.30,29.650,-0.008396355,0.060804494
6/10/2020,30.20,29.65,29.950,0.010067199,-0.00432589
6/11/2020,30.95,29.85,30.450,0.01655667,-0.017493157
6/12/2020,30.65,30.00,30.450,0,-0.001471671
6/15/2020,31.00,30.25,30.450,0,0
6/16/2020,31.00,30.55,30.950,0.016287005,-0.017831082
6/17/2020,31.00,30.65,30.950,0,0.019302752
6/18/2020,31.00,30.70,30.950,0,-0.005899722
6/19/2020,31.00,30.80,30.900,-0.001616815,-0.002962965
6/22/2020,30.95,29.50,30.200,-0.02291426,-0.00297177
6/23/2020,30.00,29.00,29.450,-0.025148014,0
6/24/2020,29.90,28.35,28.650,-0.027540467,-0.002980628
6/25/2020,29.40,28.20,28.300,-0.012291639,-0.007490672
6/26/2020,29.40,28.25,28.500,0.007042283,0
6/29/2020,29.50,28.80,28.900,0.013937508,0.004501133
6/30/2020,29.00,28.60,28.650,-0.008688152,-0.007513183
7/1/2020,29.00,28.65,28.700,0.00174368,0.007513183
7/3/2020,30.00,29.00,29.650,0.032565003,-0.002998503
7/6/2020,30.20,28.90,29.100,-0.018723951,0.019331457
7/7/2020,30.00,27.90,28.100,-0.034968598,-0.004428052
7/8/2020,28.50,27.80,28.000,-0.003565066,0.001478197
7/9/2020,28.00,27.25,27.500,-0.018018506,0
7/10/2020,27.95,27.40,27.500,0,-0.013383099
7/13/2020,28.40,27.40,27.500,0,-0.001498128
7/14/2020,28.40,26.75,26.950,-0.020202707,-0.006015056
7/15/2020,27.50,26.75,26.950,0,-0.025975486
7/16/2020,27.45,26.95,27.000,0.001853569,0.015361285
7/17/2020,27.25,26.90,27.000,0,-0.016910472
7/20/2020,27.30,26.80,27.000,0,0.003095978
7/21/2020,27.20,26.45,26.700,-0.011173301,-0.010878118
7/22/2020,27.35,26.50,26.850,0.005602256,0
7/23/2020,28.40,26.90,27.500,0.023920184,-0.001563722
7/24/2020,28.80,27.85,28.100,0.021583572,-0.001566171
7/27/2020,29.95,28.20,29.350,0.04352297,-0.006289329
7/28/2020,29.00,28.00,28.300,-0.036430742,-0.019108862
7/29/2020,28.95,28.20,28.300,0,-0.003220615
7/30/2020,28.60,28.00,28.150,-0.00531445,-0.006472515
8/3/2020,27.50,26.80,26.850,-0.047281534,0.009693129
8/4/2020,27.00,26.10,26.400,-0.016901811,-0.003220615
8/5/2020,26.50,25.95,26.150,-0.00951482,-0.00809721
8/6/2020,28.00,26.40,27.400,0.046693823,0.006483005
8/7/2020,27.90,27.50,27.700,0.0108894,0.001614205
8/11/2020,28.00,27.00,27.500,-0.007246409,-0.021190687
8/12/2020,28.00,27.30,27.950,0.016231195,-0.030102607
8/13/2020,28.20,27.55,27.850,-0.003584233,0.030102607
8/14/2020,28.20,27.50,27.700,-0.005400553,-0.006611594
8/17/2020,28.50,28.00,28.400,0.024956732,-0.001659751
8/18/2020,28.50,27.85,28.000,-0.014184635,0.008271346
8/19/2020,28.20,27.80,28.000,0,-0.004954593
8/20/2020,28.20,28.00,28.050,0.001784122,-0.011657085
8/21/2020,28.40,28.05,28.200,0.005333346,0.011657085
8/24/2020,28.45,28.00,28.200,0,-0.009983444
8/25/2020,28.95,28.00,28.650,0.015831465,0.001670844
8/26/2020,29.25,28.55,29.000,0.012142387,0.001668057
8/27/2020,29.95,29.00,29.450,0.01539808,0.009950331
8/28/2020,30.10,29.30,29.850,0.01349093,-0.009950331
8/31/2020,30.00,29.50,29.900,0.001673641,0
9/1/2020,29.95,29.50,29.900,0,0
9/3/2020,30.10,29.50,30.050,0.005004181,0.001665279
9/4/2020,30.30,29.30,29.600,-0.0150883,0.027893523
9/7/2020,29.50,29.05,29.050,-0.018755878,0.058146778
9/8/2020,29.20,28.75,29.000,-0.001722653,0.033036037
9/9/2020,29.50,28.55,29.050,0.001722653,-0.042238556
9/10/2020,30.00,29.20,29.950,0.030510841,0.040760359
9/11/2020,30.15,29.30,30.050,0.003333336,-0.001480385
9/14/2020,30.00,29.30,29.950,-0.003333336,0
9/15/2020,30.25,29.90,30.150,0.006655599,0.001480385
9/16/2020,30.50,29.80,30.100,-0.001659751,-0.019418086
9/17/2020,30.15,29.50,30.000,-0.00332779,0.017937701
9/18/2020,30.00,29.00,30.000,0,-0.007434978
9/21/2020,30.00,29.30,29.900,-0.003338901,-0.007490672
9/22/2020,30.40,29.50,30.050,0.005004181,-0.028987537
9/23/2020,30.40,29.35,30.000,-0.001665279,0.018405428
9/24/2020,30.10,29.10,30.000,0,-0.027736755
9/25/2020,30.05,29.50,30.050,0.001665279,0.004676548
9/28/2020,30.05,29.50,29.800,-0.008354267,-0.004676548
9/29/2020,30.00,29.50,29.800,0,0
9/30/2020,30.25,29.70,29.700,-0.003361348,-0.001563722
10/2/2020,30.15,29.80,30.000,0.010050336,0.003125003
10/5/2020,30.05,29.70,30.000,0,-0.001561281
10/6/2020,30.15,29.90,29.950,-0.001668057,0
